"Tiempo (s) Serie Nº 2";"Fuerza (N) Serie Nº 2";"Tiempo (s) Serie Nº 3";"Fuerza (N) Serie Nº 3"
0,000;-0,665;0,000;-0,513
0,002;-0,668;0,002;-0,507
0,004;-0,672;0,004;-0,511
0,006;-0,665;0,006;-0,516
0,008;-0,666;0,008;-0,516
0,010;-0,666;0,010;-0,514
0,012;-0,666;0,012;-0,511
0,014;-0,659;0,014;-0,514
0,016;-0,668;0,016;-0,514
0,018;-0,663;0,018;-0,507
0,020;-0,668;0,020;-0,514
0,022;-0,666;0,022;-0,516
0,024;-0,661;0,024;-0,521
0,026;-0,661;0,026;-0,520
0,028;-0,659;0,028;-0,511
0,030;-0,663;0,030;-0,514
0,032;-0,665;0,032;-0,520
0,034;-0,663;0,034;-0,511
0,036;-0,668;0,036;-0,509
0,038;-0,668;0,038;-0,507
0,040;-0,666;0,040;-0,502
0,042;-0,666;0,042;-0,504
0,044;-0,663;0,044;-0,496
0,046;-0,666;0,046;-0,504
0,048;-0,670;0,048;-0,509
0,050;-0,666;0,050;-0,511
0,052;-0,668;0,052;-0,505
0,054;-0,668;0,054;-0,513
0,056;-0,670;0,056;-0,514
0,058;-0,663;0,058;-0,511
0,060;-0,663;0,060;-0,505
0,062;-0,665;0,062;-0,513
0,064;-0,666;0,064;-0,509
0,066;-0,663;0,066;-0,514
0,068;-0,668;0,068;-0,514
0,070;-0,665;0,070;-0,521
0,072;-0,666;0,072;-0,513
0,074;-0,674;0,074;-0,514
0,076;-0,666;0,076;-0,509
0,078;-0,663;0,078;-0,513
0,080;-0,666;0,080;-0,513
0,082;-0,668;0,082;-0,514
0,084;-0,661;0,084;-0,509
0,086;-0,663;0,086;-0,513
0,088;-0,666;0,088;-0,513
0,090;-0,663;0,090;-0,518
0,092;-0,665;0,092;-0,514
0,094;-0,661;0,094;-0,509
0,096;-0,663;0,096;-0,513
0,098;-0,659;0,098;-0,514
0,100;-0,663;0,100;-0,513
0,102;-0,661;0,102;-0,514
0,104;-0,665;0,104;-0,513
0,106;-0,668;0,106;-0,514
0,108;-0,666;0,108;-0,509
0,110;-0,670;0,110;-0,514
0,112;-0,663;0,112;-0,511
0,114;-0,668;0,114;-0,514
0,116;-0,663;0,116;-0,514
0,118;-0,663;0,118;-0,518
0,120;-0,665;0,120;-0,509
0,122;-0,666;0,122;-0,509
0,124;-0,663;0,124;-0,509
0,126;-0,661;0,126;-0,516
0,128;-0,661;0,128;-0,513
0,130;-0,656;0,130;-0,513
0,132;-0,663;0,132;-0,502
0,134;-0,663;0,134;-0,505
0,136;-0,663;0,136;-0,505
0,138;-0,666;0,138;-0,513
0,140;-0,661;0,140;-0,507
0,142;-0,666;0,142;-0,511
0,144;-0,663;0,144;-0,507
0,146;-0,668;0,146;-0,509
0,148;-0,666;0,148;-0,511
0,150;-0,670;0,150;-0,507
0,152;-0,670;0,152;-0,511
0,154;-0,666;0,154;-0,509
0,156;-0,668;0,156;-0,511
0,158;-0,668;0,158;-0,511
0,160;-0,666;0,160;-0,509
0,162;-0,665;0,162;-0,509
0,164;-0,666;0,164;-0,504
0,166;-0,665;0,166;-0,505
0,168;-0,663;0,168;-0,511
0,170;-0,657;0,170;-0,514
0,172;-0,657;0,172;-0,509
0,174;-0,659;0,174;-0,511
0,176;-0,663;0,176;-0,511
0,178;-0,661;0,178;-0,507
0,180;-0,663;0,180;-0,505
0,182;-0,666;0,182;-0,500
0,184;-0,670;0,184;-0,505
0,186;-0,659;0,186;-0,507
0,188;-0,666;0,188;-0,500
0,190;-0,665;0,190;-0,513
0,192;-0,665;0,192;-0,509
0,194;-0,666;0,194;-0,509
0,196;-0,668;0,196;-0,516
0,198;-0,668;0,198;-0,518
0,200;-0,665;0,200;-0,511
0,202;-0,665;0,202;-0,518
0,204;-0,666;0,204;-0,516
0,206;-0,654;0,206;-0,516
0,208;-0,666;0,208;-0,514
0,210;-0,656;0,210;-0,513
0,212;-0,661;0,212;-0,514
0,214;-0,659;0,214;-0,523
0,216;-0,665;0,216;-0,521
0,218;-0,665;0,218;-0,511
0,220;-0,670;0,220;-0,523
0,222;-0,665;0,222;-0,523
0,224;-0,661;0,224;-0,520
0,226;-0,666;0,226;-0,520
0,228;-0,661;0,228;-0,521
0,230;-0,672;0,230;-0,525
0,232;-0,665;0,232;-0,520
0,234;-0,663;0,234;-0,514
0,236;-0,657;0,236;-0,518
0,238;-0,659;0,238;-0,521
0,240;-0,666;0,240;-0,518
0,242;-0,663;0,242;-0,521
0,244;-0,665;0,244;-0,518
0,246;-0,663;0,246;-0,523
0,248;-0,666;0,248;-0,520
0,250;-0,665;0,250;-0,525
0,252;-0,668;0,252;-0,516
0,254;-0,668;0,254;-0,521
0,256;-0,666;0,256;-0,520
0,258;-0,668;0,258;-0,514
0,260;-0,670;0,260;-0,516
0,262;-0,668;0,262;-0,507
0,264;-0,670;0,264;-0,513
0,266;-0,666;0,266;-0,509
0,268;-0,657;0,268;-0,511
0,270;-0,668;0,270;-0,513
0,272;-0,663;0,272;-0,518
0,274;-0,668;0,274;-0,511
0,276;-0,668;0,276;-0,509
0,278;-0,668;0,278;-0,516
0,280;-0,652;0,280;-0,509
0,282;-0,665;0,282;-0,509
0,284;-0,663;0,284;-0,509
0,286;-0,663;0,286;-0,513
0,288;-0,666;0,288;-0,505
0,290;-0,670;0,290;-0,511
0,292;-0,661;0,292;-0,509
0,294;-0,670;0,294;-0,507
0,296;-0,668;0,296;-0,504
0,298;-0,663;0,298;-0,502
0,300;-0,670;0,300;-0,514
0,302;-0,666;0,302;-0,513
0,304;-0,663;0,304;-0,509
0,306;-0,666;0,306;-0,505
0,308;-0,663;0,308;-0,514
0,310;-0,663;0,310;-0,513
0,312;-0,657;0,312;-0,507
0,314;-0,665;0,314;-0,513
0,316;-0,663;0,316;-0,511
0,318;-0,657;0,318;-0,505
0,320;-0,663;0,320;-0,505
0,322;-0,666;0,322;-0,513
0,324;-0,661;0,324;-0,509
0,326;-0,659;0,326;-0,511
0,328;-0,663;0,328;-0,507
0,330;-0,661;0,330;-0,509
0,332;-0,668;0,332;-0,513
0,334;-0,666;0,334;-0,509
0,336;-0,666;0,336;-0,509
0,338;-0,661;0,338;-0,513
0,340;-0,665;0,340;-0,509
0,342;-0,663;0,342;-0,513
0,344;-0,668;0,344;-0,507
0,346;-0,666;0,346;-0,516
0,348;-0,663;0,348;-0,521
0,350;-0,666;0,350;-0,509
0,352;-0,670;0,352;-0,511
0,354;-0,670;0,354;-0,513
0,356;-0,665;0,356;-0,521
0,358;-0,670;0,358;-0,516
0,360;-0,668;0,360;-0,520
0,362;-0,668;0,362;-0,518
0,364;-0,670;0,364;-0,523
0,366;-0,674;0,366;-0,518
0,368;-0,674;0,368;-0,505
0,370;-0,666;0,370;-0,514
0,372;-0,661;0,372;-0,513
0,374;-0,670;0,374;-0,527
0,376;-0,666;0,376;-0,518
0,378;-0,670;0,378;-0,514
0,380;-0,665;0,380;-0,511
0,382;-0,668;0,382;-0,518
0,384;-0,670;0,384;-0,513
0,386;-0,665;0,386;-0,523
0,388;-0,661;0,388;-0,516
0,390;-0,659;0,390;-0,507
0,392;-0,657;0,392;-0,509
0,394;-0,668;0,394;-0,509
0,396;-0,659;0,396;-0,507
0,398;-0,659;0,398;-0,518
0,400;-0,661;0,400;-0,516
0,402;-0,666;0,402;-0,509
0,404;-0,666;0,404;-0,514
0,406;-0,663;0,406;-0,514
0,408;-0,668;0,408;-0,513
0,410;-0,665;0,410;-0,513
0,412;-0,663;0,412;-0,505
0,414;-0,663;0,414;-0,509
0,416;-0,659;0,416;-0,504
0,418;-0,656;0,418;-0,502
0,420;-0,661;0,420;-0,509
0,422;-0,663;0,422;-0,504
0,424;-0,654;0,424;-0,513
0,426;-0,665;0,426;-0,505
0,428;-0,663;0,428;-0,504
0,430;-0,665;0,430;-0,513
0,432;-0,663;0,432;-0,504
0,434;-0,666;0,434;-0,511
0,436;-0,666;0,436;-0,507
0,438;-0,663;0,438;-0,509
0,440;-0,663;0,440;-0,509
0,442;-0,665;0,442;-0,511
0,444;-0,661;0,444;-0,507
0,446;-0,657;0,446;-0,513
0,448;-0,665;0,448;-0,514
0,450;-0,661;0,450;-0,514
0,452;-0,659;0,452;-0,511
0,454;-0,657;0,454;-0,514
0,456;-0,657;0,456;-0,513
0,458;-0,661;0,458;-0,511
0,460;-0,661;0,460;-0,507
0,462;-0,659;0,462;-0,514
0,464;-0,666;0,464;-0,514
0,466;-0,657;0,466;-0,516
0,468;-0,672;0,468;-0,516
0,470;-0,661;0,470;-0,516
0,472;-0,668;0,472;-0,514
0,474;-0,665;0,474;-0,516
0,476;-0,665;0,476;-0,516
0,478;-0,661;0,478;-0,509
0,480;-0,659;0,480;-0,518
0,482;-0,659;0,482;-0,514
0,484;-0,665;0,484;-0,511
0,486;-0,659;0,486;-0,511
0,488;-0,670;0,488;-0,520
0,490;-0,665;0,490;-0,514
0,492;-0,665;0,492;-0,514
0,494;-0,663;0,494;-0,518
0,496;-0,665;0,496;-0,516
0,498;-0,665;0,498;-0,516
0,500;-0,665;0,500;-0,520
0,502;-0,666;0,502;-0,518
0,504;-0,668;0,504;-0,521
0,506;-0,666;0,506;-0,521
0,508;-0,670;0,508;-0,520
0,510;-0,665;0,510;-0,527
0,512;-0,661;0,512;-0,521
0,514;-0,663;0,514;-0,516
0,516;-0,656;0,516;-0,514
0,518;-0,665;0,518;-0,518
0,520;-0,666;0,520;-0,516
0,522;-0,663;0,522;-0,518
0,524;-0,665;0,524;-0,518
0,526;-0,666;0,526;-0,514
0,528;-0,663;0,528;-0,514
0,530;-0,666;0,530;-0,500
0,532;-0,665;0,532;-0,511
0,534;-0,665;0,534;-0,511
0,536;-0,666;0,536;-0,514
0,538;-0,665;0,538;-0,513
0,540;-0,666;0,540;-0,516
0,542;-0,663;0,542;-0,513
0,544;-0,666;0,544;-0,511
0,546;-0,663;0,546;-0,511
0,548;-0,666;0,548;-0,505
0,550;-0,661;0,550;-0,511
0,552;-0,665;0,552;-0,498
0,554;-0,665;0,554;-0,513
0,556;-0,663;0,556;-0,516
0,558;-0,663;0,558;-0,511
0,560;-0,663;0,560;-0,505
0,562;-0,665;0,562;-0,509
0,564;-0,661;0,564;-0,504
0,566;-0,668;0,566;-0,507
0,568;-0,661;0,568;-0,505
0,570;-0,663;0,570;-0,509
0,572;-0,663;0,572;-0,507
0,574;-0,663;0,574;-0,507
0,576;-0,663;0,576;-0,513
0,578;-0,661;0,578;-0,509
0,580;-0,661;0,580;-0,509
0,582;-0,665;0,582;-0,514
0,584;-0,659;0,584;-0,511
0,586;-0,661;0,586;-0,525
0,588;-0,663;0,588;-0,513
0,590;-0,661;0,590;-0,520
0,592;-0,665;0,592;-0,518
0,594;-0,661;0,594;-0,518
0,596;-0,663;0,596;-0,514
0,598;-0,665;0,598;-0,518
0,600;-0,665;0,600;-0,511
0,602;-0,663;0,602;-0,518
0,604;-0,666;0,604;-0,511
0,606;-0,665;0,606;-0,516
0,608;-0,663;0,608;-0,516
0,610;-0,663;0,610;-0,516
0,612;-0,663;0,612;-0,514
0,614;-0,661;0,614;-0,514
0,616;-0,665;0,616;-0,513
0,618;-0,659;0,618;-0,507
0,620;-0,663;0,620;-0,505
0,622;-0,659;0,622;-0,505
0,624;-0,666;0,624;-0,505
0,626;-0,656;0,626;-0,520
0,628;-0,666;0,628;-0,514
0,630;-0,670;0,630;-0,520
0,632;-0,665;0,632;-0,514
0,634;-0,663;0,634;-0,521
0,636;-0,665;0,636;-0,513
0,638;-0,668;0,638;-0,511
0,640;-0,663;0,640;-0,509
0,642;-0,661;0,642;-0,507
0,644;-0,665;0,644;-0,514
0,646;-0,663;0,646;-0,514
0,648;-0,668;0,648;-0,507
0,650;-0,666;0,650;-0,520
0,652;-0,666;0,652;-0,511
0,654;-0,659;0,654;-0,516
0,656;-0,661;0,656;-0,516
0,658;-0,659;0,658;-0,514
0,660;-0,661;0,660;-0,520
0,662;-0,663;0,662;-0,518
0,664;-0,663;0,664;-0,518
0,666;-0,659;0,666;-0,521
0,668;-0,661;0,668;-0,518
0,670;-0,665;0,670;-0,518
0,672;-0,665;0,672;-0,513
0,674;-0,665;0,674;-0,509
0,676;-0,665;0,676;-0,514
0,678;-0,672;0,678;-0,507
0,680;-0,665;0,680;-0,514
0,682;-0,666;0,682;-0,509
0,684;-0,674;0,684;-0,509
0,686;-0,668;0,686;-0,502
0,688;-0,666;0,688;-0,505
0,690;-0,665;0,690;-0,502
0,692;-0,666;0,692;-0,502
0,694;-0,659;0,694;-0,502
0,696;-0,659;0,696;-0,498
0,698;-0,668;0,698;-0,502
0,700;-0,661;0,700;-0,504
0,702;-0,665;0,702;-0,509
0,704;-0,663;0,704;-0,502
0,706;-0,666;0,706;-0,498
0,708;-0,661;0,708;-0,509
0,710;-0,663;0,710;-0,507
0,712;-0,665;0,712;-0,511
0,714;-0,657;0,714;-0,509
0,716;-0,659;0,716;-0,513
0,718;-0,661;0,718;-0,520
0,720;-0,659;0,720;-0,518
0,722;-0,668;0,722;-0,514
0,724;-0,663;0,724;-0,518
0,726;-0,674;0,726;-0,516
0,728;-0,668;0,728;-0,516
0,730;-0,661;0,730;-0,513
0,732;-0,668;0,732;-0,516
0,734;-0,661;0,734;-0,518
0,736;-0,672;0,736;-0,520
0,738;-0,665;0,738;-0,516
0,740;-0,666;0,740;-0,518
0,742;-0,666;0,742;-0,513
0,744;-0,665;0,744;-0,518
0,746;-0,666;0,746;-0,514
0,748;-0,661;0,748;-0,513
0,750;-0,659;0,750;-0,518
0,752;-0,663;0,752;-0,507
0,754;-0,666;0,754;-0,509
0,756;-0,665;0,756;-0,516
0,758;-0,663;0,758;-0,518
0,760;-0,666;0,760;-0,509
0,762;-0,666;0,762;-0,509
0,764;-0,663;0,764;-0,513
0,766;-0,666;0,766;-0,513
0,768;-0,665;0,768;-0,509
0,770;-0,661;0,770;-0,513
0,772;-0,663;0,772;-0,513
0,774;-0,665;0,774;-0,513
0,776;-0,674;0,776;-0,514
0,778;-0,665;0,778;-0,514
0,780;-0,672;0,780;-0,514
0,782;-0,665;0,782;-0,514
0,784;-0,670;0,784;-0,520
0,786;-0,670;0,786;-0,511
0,788;-0,663;0,788;-0,514
0,790;-0,665;0,790;-0,521
0,792;-0,668;0,792;-0,513
0,794;-0,663;0,794;-0,507
0,796;-0,661;0,796;-0,518
0,798;-0,659;0,798;-0,516
0,800;-0,668;0,800;-0,514
0,802;-0,675;0,802;-0,523
0,804;-0,668;0,804;-0,509
0,806;-0,666;0,806;-0,516
0,808;-0,666;0,808;-0,514
0,810;-0,672;0,810;-0,514
0,812;-0,670;0,812;-0,513
0,814;-0,665;0,814;-0,511
0,816;-0,666;0,816;-0,500
0,818;-0,665;0,818;-0,514
0,820;-0,668;0,820;-0,513
0,822;-0,666;0,822;-0,500
0,824;-0,663;0,824;-0,509
0,826;-0,665;0,826;-0,500
0,828;-0,665;0,828;-0,505
0,830;-0,666;0,830;-0,504
0,832;-0,663;0,832;-0,513
0,834;-0,661;0,834;-0,509
0,836;-0,666;0,836;-0,507
0,838;-0,661;0,838;-0,504
0,840;-0,665;0,840;-0,507
0,842;-0,659;0,842;-0,509
0,844;-0,657;0,844;-0,509
0,846;-0,659;0,846;-0,514
0,848;-0,661;0,848;-0,505
0,850;-0,666;0,850;-0,513
0,852;-0,657;0,852;-0,516
0,854;-0,666;0,854;-0,505
0,856;-0,665;0,856;-0,511
0,858;-0,663;0,858;-0,511
0,860;-0,663;0,860;-0,514
0,862;-0,672;0,862;-0,516
0,864;-0,665;0,864;-0,520
0,866;-0,668;0,866;-0,518
0,868;-0,663;0,868;-0,520
0,870;-0,665;0,870;-0,511
0,872;-0,659;0,872;-0,516
0,874;-0,661;0,874;-0,516
0,876;-0,661;0,876;-0,520
0,878;-0,665;0,878;-0,518
0,880;-0,661;0,880;-0,523
0,882;-0,665;0,882;-0,520
0,884;-0,666;0,884;-0,518
0,886;-0,661;0,886;-0,511
0,888;-0,665;0,888;-0,521
0,890;-0,661;0,890;-0,511
0,892;-0,663;0,892;-0,514
0,894;-0,665;0,894;-0,520
0,896;-0,670;0,896;-0,516
0,898;-0,666;0,898;-0,516
0,900;-0,663;0,900;-0,516
0,902;-0,661;0,902;-0,516
0,904;-0,672;0,904;-0,520
0,906;-0,659;0,906;-0,514
0,908;-0,666;0,908;-0,513
0,910;-0,668;0,910;-0,516
0,912;-0,668;0,912;-0,516
0,914;-0,665;0,914;-0,513
0,916;-0,663;0,916;-0,525
0,918;-0,661;0,918;-0,509
0,920;-0,666;0,920;-0,509
0,922;-0,659;0,922;-0,514
0,924;-0,661;0,924;-0,516
0,926;-0,663;0,926;-0,511
0,928;-0,663;0,928;-0,520
0,930;-0,665;0,930;-0,514
0,932;-0,665;0,932;-0,514
0,934;-0,659;0,934;-0,513
0,936;-0,666;0,936;-0,509
0,938;-0,665;0,938;-0,514
0,940;-0,663;0,940;-0,514
0,942;-0,661;0,942;-0,514
0,944;-0,665;0,944;-0,511
0,946;-0,663;0,946;-0,514
0,948;-0,663;0,948;-0,513
0,950;-0,659;0,950;-0,507
0,952;-0,668;0,952;-0,511
0,954;-0,663;0,954;-0,516
0,956;-0,665;0,956;-0,507
0,958;-0,659;0,958;-0,507
0,960;-0,661;0,960;-0,511
0,962;-0,663;0,962;-0,507
0,964;-0,661;0,964;-0,507
0,966;-0,661;0,966;-0,505
0,968;-0,666;0,968;-0,513
0,970;-0,661;0,970;-0,509
0,972;-0,659;0,972;-0,507
0,974;-0,661;0,974;-0,511
0,976;-0,668;0,976;-0,504
0,978;-0,668;0,978;-0,511
0,980;-0,661;0,980;-0,505
0,982;-0,663;0,982;-0,509
0,984;-0,665;0,984;-0,518
0,986;-0,663;0,986;-0,509
0,988;-0,659;0,988;-0,513
0,990;-0,659;0,990;-0,516
0,992;-0,661;0,992;-0,511
0,994;-0,666;0,994;-0,511
0,996;-0,666;0,996;-0,516
0,998;-0,665;0,998;-0,511
1,000;-0,666;1,000;-0,518
1,002;-0,663;1,002;-0,513
1,004;-0,663;1,004;-0,513
1,006;-0,661;1,006;-0,511
1,008;-0,666;1,008;-0,511
1,010;-0,666;1,010;-0,511
1,012;-0,665;1,012;-0,521
1,014;-0,663;1,014;-0,523
1,016;-0,665;1,016;-0,518
1,018;-0,666;1,018;-0,518
1,020;-0,663;1,020;-0,523
1,022;-0,666;1,022;-0,521
1,024;-0,672;1,024;-0,518
1,026;-0,665;1,026;-0,520
1,028;-0,661;1,028;-0,518
1,030;-0,657;1,030;-0,518
1,032;-0,668;1,032;-0,521
1,034;-0,670;1,034;-0,518
1,036;-0,663;1,036;-0,520
1,038;-0,665;1,038;-0,521
1,040;-0,668;1,040;-0,514
1,042;-0,666;1,042;-0,514
1,044;-0,665;1,044;-0,520
1,046;-0,670;1,046;-0,513
1,048;-0,661;1,048;-0,507
1,050;-0,666;1,050;-0,513
1,052;-0,666;1,052;-0,511
1,054;-0,665;1,054;-0,513
1,056;-0,657;1,056;-0,516
1,058;-0,666;1,058;-0,521
1,060;-0,668;1,060;-0,518
1,062;-0,657;1,062;-0,513
1,064;-0,665;1,064;-0,518
1,066;-0,659;1,066;-0,511
1,068;-0,657;1,068;-0,507
1,070;-0,657;1,070;-0,513
1,072;-0,665;1,072;-0,514
1,074;-0,665;1,074;-0,513
1,076;-0,661;1,076;-0,516
1,078;-0,663;1,078;-0,513
1,080;-0,670;1,080;-0,514
1,082;-0,665;1,082;-0,513
1,084;-0,663;1,084;-0,514
1,086;-0,663;1,086;-0,509
1,088;-0,659;1,088;-0,502
1,090;-0,661;1,090;-0,514
1,092;-0,657;1,092;-0,511
1,094;-0,665;1,094;-0,511
1,096;-0,661;1,096;-0,514
1,098;-0,665;1,098;-0,513
1,100;-0,663;1,100;-0,509
1,102;-0,668;1,102;-0,514
1,104;-0,661;1,104;-0,513
1,106;-0,661;1,106;-0,513
1,108;-0,666;1,108;-0,513
1,110;-0,666;1,110;-0,514
1,112;-0,663;1,112;-0,511
1,114;-0,665;1,114;-0,507
1,116;-0,668;1,116;-0,504
1,118;-0,666;1,118;-0,504
1,120;-0,665;1,120;-0,513
1,122;-0,666;1,122;-0,511
1,124;-0,665;1,124;-0,511
1,126;-0,668;1,126;-0,509
1,128;-0,663;1,128;-0,513
1,130;-0,666;1,130;-0,509
1,132;-0,665;1,132;-0,505
1,134;-0,663;1,134;-0,511
1,136;-0,666;1,136;-0,513
1,138;-0,674;1,138;-0,505
1,140;-0,666;1,140;-0,514
1,142;-0,663;1,142;-0,518
1,144;-0,661;1,144;-0,518
1,146;-0,665;1,146;-0,520
1,148;-0,659;1,148;-0,514
1,150;-0,670;1,150;-0,509
1,152;-0,674;1,152;-0,520
1,154;-0,668;1,154;-0,516
1,156;-0,670;1,156;-0,516
1,158;-0,661;1,158;-0,523
1,160;-0,670;1,160;-0,521
1,162;-0,670;1,162;-0,525
1,164;-0,668;1,164;-0,521
1,166;-0,666;1,166;-0,518
1,168;-0,670;1,168;-0,520
1,170;-0,666;1,170;-0,520
1,172;-0,670;1,172;-0,513
1,174;-0,670;1,174;-0,513
1,176;-0,666;1,176;-0,523
1,178;-0,672;1,178;-0,518
1,180;-0,668;1,180;-0,520
1,182;-0,665;1,182;-0,516
1,184;-0,668;1,184;-0,518
1,186;-0,666;1,186;-0,507
1,188;-0,666;1,188;-0,511
1,190;-0,672;1,190;-0,511
1,192;-0,661;1,192;-0,511
1,194;-0,665;1,194;-0,505
1,196;-0,663;1,196;-0,511
1,198;-0,665;1,198;-0,513
1,200;-0,666;1,200;-0,513
1,202;-0,666;1,202;-0,521
1,204;-0,663;1,204;-0,518
1,206;-0,661;1,206;-0,514
1,208;-0,665;1,208;-0,509
1,210;-0,663;1,210;-0,516
1,212;-0,661;1,212;-0,516
1,214;-0,668;1,214;-0,514
1,216;-0,668;1,216;-0,511
1,218;-0,666;1,218;-0,521
1,220;-0,663;1,220;-0,511
1,222;-0,665;1,222;-0,514
1,224;-0,663;1,224;-0,511
1,226;-0,663;1,226;-0,511
1,228;-0,659;1,228;-0,504
1,230;-0,663;1,230;-0,505
1,232;-0,666;1,232;-0,514
1,234;-0,665;1,234;-0,502
1,236;-0,666;1,236;-0,511
1,238;-0,663;1,238;-0,509
1,240;-0,663;1,240;-0,513
1,242;-0,661;1,242;-0,514
1,244;-0,663;1,244;-0,513
1,246;-0,659;1,246;-0,516
1,248;-0,668;1,248;-0,513
1,250;-0,665;1,250;-0,513
1,252;-0,670;1,252;-0,521
1,254;-0,657;1,254;-0,511
1,256;-0,663;1,256;-0,513
1,258;-0,661;1,258;-0,514
1,260;-0,666;1,260;-0,511
1,262;-0,665;1,262;-0,516
1,264;-0,659;1,264;-0,516
1,266;-0,665;1,266;-0,514
1,268;-0,666;1,268;-0,513
1,270;-0,661;1,270;-0,513
1,272;-0,665;1,272;-0,516
1,274;-0,663;1,274;-0,514
1,276;-0,661;1,276;-0,511
1,278;-0,666;1,278;-0,518
1,280;-0,674;1,280;-0,509
1,282;-0,672;1,282;-0,513
1,284;-0,666;1,284;-0,511
1,286;-0,659;1,286;-0,514
1,288;-0,668;1,288;-0,513
1,290;-0,674;1,290;-0,514
1,292;-0,668;1,292;-0,516
1,294;-0,666;1,294;-0,516
1,296;-0,668;1,296;-0,514
1,298;-0,666;1,298;-0,520
1,300;-0,666;1,300;-0,521
1,302;-0,665;1,302;-0,521
1,304;-0,661;1,304;-0,521
1,306;-0,665;1,306;-0,520
1,308;-0,666;1,308;-0,518
1,310;-0,668;1,310;-0,511
1,312;-0,672;1,312;-0,516
1,314;-0,666;1,314;-0,511
1,316;-0,665;1,316;-0,514
1,318;-0,668;1,318;-0,509
1,320;-0,666;1,320;-0,518
1,322;-0,665;1,322;-0,521
1,324;-0,668;1,324;-0,521
1,326;-0,665;1,326;-0,518
1,328;-0,663;1,328;-0,518
1,330;-0,666;1,330;-0,518
1,332;-0,666;1,332;-0,518
1,334;-0,665;1,334;-0,518
1,336;-0,666;1,336;-0,509
1,338;-0,663;1,338;-0,514
1,340;-0,663;1,340;-0,516
1,342;-0,670;1,342;-0,518
1,344;-0,670;1,344;-0,513
1,346;-0,670;1,346;-0,516
1,348;-0,675;1,348;-0,511
1,350;-0,672;1,350;-0,509
1,352;-0,663;1,352;-0,513
1,354;-0,665;1,354;-0,521
1,356;-0,665;1,356;-0,507
1,358;-0,663;1,358;-0,507
1,360;-0,668;1,360;-0,509
1,362;-0,672;1,362;-0,511
1,364;-0,666;1,364;-0,511
1,366;-0,665;1,366;-0,507
1,368;-0,665;1,368;-0,509
1,370;-0,666;1,370;-0,509
1,372;-0,659;1,372;-0,513
1,374;-0,663;1,374;-0,513
1,376;-0,665;1,376;-0,518
1,378;-0,663;1,378;-0,518
1,380;-0,657;1,380;-0,516
1,382;-0,666;1,382;-0,520
1,384;-0,666;1,384;-0,516
1,386;-0,663;1,386;-0,514
1,388;-0,668;1,388;-0,516
1,390;-0,670;1,390;-0,520
1,392;-0,666;1,392;-0,514
1,394;-0,668;1,394;-0,509
1,396;-0,666;1,396;-0,509
1,398;-0,665;1,398;-0,516
1,400;-0,666;1,400;-0,516
1,402;-0,663;1,402;-0,520
1,404;-0,665;1,404;-0,520
1,406;-0,665;1,406;-0,514
1,408;-0,666;1,408;-0,520
1,410;-0,661;1,410;-0,518
1,412;-0,663;1,412;-0,520
1,414;-0,663;1,414;-0,514
1,416;-0,665;1,416;-0,511
1,418;-0,666;1,418;-0,511
1,420;-0,670;1,420;-0,514
1,422;-0,665;1,422;-0,511
1,424;-0,663;1,424;-0,514
1,426;-0,665;1,426;-0,514
1,428;-0,663;1,428;-0,516
1,430;-0,666;1,430;-0,518
1,432;-0,666;1,432;-0,523
1,434;-0,670;1,434;-0,513
1,436;-0,668;1,436;-0,518
1,438;-0,666;1,438;-0,518
1,440;-0,661;1,440;-0,521
1,442;-0,665;1,442;-0,516
1,444;-0,666;1,444;-0,518
1,446;-0,659;1,446;-0,518
1,448;-0,668;1,448;-0,521
1,450;-0,665;1,450;-0,518
1,452;-0,654;1,452;-0,518
1,454;-0,668;1,454;-0,514
1,456;-0,666;1,456;-0,520
1,458;-0,665;1,458;-0,511
1,460;-0,665;1,460;-0,511
1,462;-0,665;1,462;-0,511
1,464;-0,661;1,464;-0,504
1,466;-0,666;1,466;-0,513
1,468;-0,663;1,468;-0,507
1,470;-0,661;1,470;-0,507
1,472;-0,665;1,472;-0,504
1,474;-0,665;1,474;-0,507
1,476;-0,666;1,476;-0,509
1,478;-0,666;1,478;-0,509
1,480;-0,668;1,480;-0,516
1,482;-0,663;1,482;-0,509
1,484;-0,666;1,484;-0,511
1,486;-0,668;1,486;-0,513
1,488;-0,661;1,488;-0,513
1,490;-0,666;1,490;-0,516
1,492;-0,656;1,492;-0,516
1,494;-0,663;1,494;-0,516
1,496;-0,666;1,496;-0,516
1,498;-0,665;1,498;-0,520
1,500;-0,659;1,500;-0,514
1,502;-0,663;1,502;-0,513
1,504;-0,661;1,504;-0,504
1,506;-0,665;1,506;-0,513
1,508;-0,668;1,508;-0,521
1,510;-0,663;1,510;-0,518
1,512;-0,661;1,512;-0,513
1,514;-0,659;1,514;-0,509
1,516;-0,654;1,516;-0,505
1,518;-0,661;1,518;-0,511
1,520;-0,666;1,520;-0,509
1,522;-0,665;1,522;-0,509
1,524;-0,659;1,524;-0,507
1,526;-0,663;1,526;-0,511
1,528;-0,663;1,528;-0,516
1,530;-0,663;1,530;-0,518
1,532;-0,659;1,532;-0,521
1,534;-0,661;1,534;-0,520
1,536;-0,663;1,536;-0,521
1,538;-0,668;1,538;-0,520
1,540;-0,663;1,540;-0,532
1,542;-0,665;1,542;-0,520
1,544;-0,666;1,544;-0,518
1,546;-0,661;1,546;-0,525
1,548;-0,666;1,548;-0,525
1,550;-0,668;1,550;-0,521
1,552;-0,665;1,552;-0,518
1,554;-0,668;1,554;-0,514
1,556;-0,670;1,556;-0,514
1,558;-0,666;1,558;-0,523
1,560;-0,665;1,560;-0,520
1,562;-0,661;1,562;-0,521
1,564;-0,665;1,564;-0,514
1,566;-0,657;1,566;-0,516
1,568;-0,663;1,568;-0,518
1,570;-0,657;1,570;-0,511
1,572;-0,672;1,572;-0,514
1,574;-0,666;1,574;-0,516
1,576;-0,661;1,576;-0,511
1,578;-0,659;1,578;-0,509
1,580;-0,657;1,580;-0,509
1,582;-0,668;1,582;-0,511
1,584;-0,666;1,584;-0,518
1,586;-0,663;1,586;-0,516
1,588;-0,665;1,588;-0,523
1,590;-0,665;1,590;-0,516
1,592;-0,661;1,592;-0,513
1,594;-0,665;1,594;-0,518
1,596;-0,666;1,596;-0,518
1,598;-0,670;1,598;-0,514
1,600;-0,666;1,600;-0,513
1,602;-0,657;1,602;-0,511
1,604;-0,659;1,604;-0,520
1,606;-0,666;1,606;-0,514
1,608;-0,661;1,608;-0,509
1,610;-0,659;1,610;-0,521
1,612;-0,663;1,612;-0,514
1,614;-0,663;1,614;-0,518
1,616;-0,670;1,616;-0,520
1,618;-0,665;1,618;-0,511
1,620;-0,665;1,620;-0,505
1,622;-0,657;1,622;-0,514
1,624;-0,666;1,624;-0,509
1,626;-0,659;1,626;-0,505
1,628;-0,661;1,628;-0,507
1,630;-0,663;1,630;-0,507
1,632;-0,661;1,632;-0,507
1,634;-0,665;1,634;-0,507
1,636;-0,663;1,636;-0,514
1,638;-0,666;1,638;-0,513
1,640;-0,663;1,640;-0,520
1,642;-0,661;1,642;-0,509
1,644;-0,659;1,644;-0,514
1,646;-0,663;1,646;-0,514
1,648;-0,665;1,648;-0,518
1,650;-0,665;1,650;-0,511
1,652;-0,665;1,652;-0,509
1,654;-0,666;1,654;-0,516
1,656;-0,665;1,656;-0,513
1,658;-0,663;1,658;-0,511
1,660;-0,663;1,660;-0,509
1,662;-0,665;1,662;-0,514
1,664;-0,659;1,664;-0,521
1,666;-0,665;1,666;-0,516
1,668;-0,656;1,668;-0,513
1,670;-0,668;1,670;-0,516
1,672;-0,661;1,672;-0,516
1,674;-0,661;1,674;-0,511
1,676;-0,663;1,676;-0,516
1,678;-0,657;1,678;-0,516
1,680;-0,665;1,680;-0,514
1,682;-0,663;1,682;-0,514
1,684;-0,661;1,684;-0,518
1,686;-0,666;1,686;-0,513
1,688;-0,666;1,688;-0,516
1,690;-0,666;1,690;-0,514
1,692;-0,665;1,692;-0,509
1,694;-0,670;1,694;-0,507
1,696;-0,675;1,696;-0,513
1,698;-0,666;1,698;-0,511
1,700;-0,672;1,700;-0,514
1,702;-0,668;1,702;-0,513
1,704;-0,666;1,704;-0,521
1,706;-0,663;1,706;-0,514
1,708;-0,672;1,708;-0,518
1,710;-0,668;1,710;-0,518
1,712;-0,668;1,712;-0,520
1,714;-0,668;1,714;-0,521
1,716;-0,665;1,716;-0,521
1,718;-0,670;1,718;-0,518
1,720;-0,668;1,720;-0,516
1,722;-0,661;1,722;-0,513
1,724;-0,666;1,724;-0,511
1,726;-0,666;1,726;-0,513
1,728;-0,663;1,728;-0,513
1,730;-0,663;1,730;-0,507
1,732;-0,665;1,732;-0,507
1,734;-0,665;1,734;-0,505
1,736;-0,661;1,736;-0,498
1,738;-0,665;1,738;-0,505
1,740;-0,663;1,740;-0,505
1,742;-0,659;1,742;-0,511
1,744;-0,659;1,744;-0,509
1,746;-0,663;1,746;-0,513
1,748;-0,663;1,748;-0,507
1,750;-0,668;1,750;-0,507
1,752;-0,659;1,752;-0,507
1,754;-0,661;1,754;-0,507
1,756;-0,663;1,756;-0,505
1,758;-0,665;1,758;-0,518
1,760;-0,659;1,760;-0,509
1,762;-0,656;1,762;-0,509
1,764;-0,661;1,764;-0,514
1,766;-0,665;1,766;-0,507
1,768;-0,668;1,768;-0,513
1,770;-0,657;1,770;-0,511
1,772;-0,665;1,772;-0,514
1,774;-0,659;1,774;-0,513
1,776;-0,663;1,776;-0,511
1,778;-0,665;1,778;-0,516
1,780;-0,661;1,780;-0,511
1,782;-0,672;1,782;-0,514
1,784;-0,668;1,784;-0,514
1,786;-0,666;1,786;-0,513
1,788;-0,668;1,788;-0,511
1,790;-0,666;1,790;-0,513
1,792;-0,670;1,792;-0,513
1,794;-0,666;1,794;-0,509
1,796;-0,666;1,796;-0,513
1,798;-0,663;1,798;-0,513
1,800;-0,666;1,800;-0,518
1,802;-0,661;1,802;-0,513
1,804;-0,666;1,804;-0,514
1,806;-0,666;1,806;-0,514
1,808;-0,659;1,808;-0,516
1,810;-0,661;1,810;-0,518
1,812;-0,659;1,812;-0,514
1,814;-0,661;1,814;-0,521
1,816;-0,668;1,816;-0,523
1,818;-0,659;1,818;-0,514
1,820;-0,661;1,820;-0,523
1,822;-0,666;1,822;-0,520
1,824;-0,670;1,824;-0,516
1,826;-0,663;1,826;-0,516
1,828;-0,666;1,828;-0,514
1,830;-0,663;1,830;-0,516
1,832;-0,663;1,832;-0,514
1,834;-0,666;1,834;-0,511
1,836;-0,663;1,836;-0,516
1,838;-0,665;1,838;-0,516
1,840;-0,666;1,840;-0,518
1,842;-0,666;1,842;-0,516
1,844;-0,661;1,844;-0,518
1,846;-0,668;1,846;-0,511
1,848;-0,665;1,848;-0,514
1,850;-0,665;1,850;-0,518
1,852;-0,665;1,852;-0,520
1,854;-0,668;1,854;-0,518
1,856;-0,672;1,856;-0,513
1,858;-0,668;1,858;-0,509
1,860;-0,665;1,860;-0,516
1,862;-0,665;1,862;-0,520
1,864;-0,666;1,864;-0,514
1,866;-0,659;1,866;-0,509
1,868;-0,661;1,868;-0,509
1,870;-0,666;1,870;-0,509
1,872;-0,666;1,872;-0,507
1,874;-0,659;1,874;-0,502
1,876;-0,663;1,876;-0,509
1,878;-0,657;1,878;-0,513
1,880;-0,661;1,880;-0,507
1,882;-0,661;1,882;-0,509
1,884;-0,659;1,884;-0,516
1,886;-0,668;1,886;-0,514
1,888;-0,666;1,888;-0,511
1,890;-0,659;1,890;-0,509
1,892;-0,668;1,892;-0,513
1,894;-0,668;1,894;-0,514
1,896;-0,663;1,896;-0,509
1,898;-0,663;1,898;-0,511
1,900;-0,657;1,900;-0,516
1,902;-0,663;1,902;-0,514
1,904;-0,666;1,904;-0,514
1,906;-0,663;1,906;-0,520
1,908;-0,659;1,908;-0,505
1,910;-0,666;1,910;-0,521
1,912;-0,657;1,912;-0,516
1,914;-0,663;1,914;-0,514
1,916;-0,661;1,916;-0,511
1,918;-0,666;1,918;-0,514
1,920;-0,668;1,920;-0,516
1,922;-0,674;1,922;-0,509
1,924;-0,668;1,924;-0,516
1,926;-0,661;1,926;-0,516
1,928;-0,666;1,928;-0,509
1,930;-0,668;1,930;-0,518
1,932;-0,672;1,932;-0,518
1,934;-0,668;1,934;-0,513
1,936;-0,661;1,936;-0,509
1,938;-0,663;1,938;-0,511
1,940;-0,665;1,940;-0,514
1,942;-0,657;1,942;-0,514
1,944;-0,668;1,944;-0,513
1,946;-0,665;1,946;-0,520
1,948;-0,665;1,948;-0,516
1,950;-0,663;1,950;-0,516
1,952;-0,668;1,952;-0,514
1,954;-0,668;1,954;-0,513
1,956;-0,665;1,956;-0,516
1,958;-0,670;1,958;-0,514
1,960;-0,665;1,960;-0,511
1,962;-0,670;1,962;-0,507
1,964;-0,666;1,964;-0,511
1,966;-0,670;1,966;-0,513
1,968;-0,672;1,968;-0,513
1,970;-0,666;1,970;-0,511
1,972;-0,666;1,972;-0,509
1,974;-0,663;1,974;-0,514
1,976;-0,668;1,976;-0,521
1,978;-0,663;1,978;-0,518
1,980;-0,663;1,980;-0,520
1,982;-0,665;1,982;-0,514
1,984;-0,665;1,984;-0,518
1,986;-0,668;1,986;-0,513
1,988;-0,670;1,988;-0,516
1,990;-0,666;1,990;-0,505
1,992;-0,665;1,992;-0,511
1,994;-0,668;1,994;-0,504
1,996;-0,665;1,996;-0,514
1,998;-0,674;1,998;-0,516
2,000;-0,659;2,000;-0,513
2,002;-0,663;2,002;-0,516
2,004;-0,668;2,004;-0,516
2,006;-0,663;2,006;-0,513
2,008;-0,663;2,008;-0,511
2,010;-0,659;2,010;-0,514
2,012;-0,663;2,012;-0,516
2,014;-0,661;2,014;-0,520
2,016;-0,657;2,016;-0,514
2,018;-0,663;2,018;-0,514
2,020;-0,666;2,020;-0,516
2,022;-0,666;2,022;-0,511
2,024;-0,663;2,024;-0,516
2,026;-0,663;2,026;-0,514
2,028;-0,661;2,028;-0,505
2,030;-0,665;2,030;-0,507
2,032;-0,665;2,032;-0,507
2,034;-0,665;2,034;-0,505
2,036;-0,668;2,036;-0,507
2,038;-0,661;2,038;-0,513
2,040;-0,668;2,040;-0,513
2,042;-0,670;2,042;-0,513
2,044;-0,665;2,044;-0,513
2,046;-0,661;2,046;-0,514
2,048;-0,663;2,048;-0,514
2,050;-0,666;2,050;-0,509
2,052;-0,665;2,052;-0,518
2,054;-0,665;2,054;-0,523
2,056;-0,663;2,056;-0,520
2,058;-0,670;2,058;-0,513
2,060;-0,666;2,060;-0,514
2,062;-0,663;2,062;-0,523
2,064;-0,666;2,064;-0,520
2,066;-0,668;2,066;-0,516
2,068;-0,663;2,068;-0,518
2,070;-0,666;2,070;-0,516
2,072;-0,665;2,072;-0,518
2,074;-0,665;2,074;-0,507
2,076;-0,665;2,076;-0,511
2,078;-0,666;2,078;-0,509
2,080;-0,661;2,080;-0,516
2,082;-0,661;2,082;-0,513
2,084;-0,661;2,084;-0,513
2,086;-0,668;2,086;-0,513
2,088;-0,661;2,088;-0,511
2,090;-0,663;2,090;-0,516
2,092;-0,665;2,092;-0,513
2,094;-0,663;2,094;-0,509
2,096;-0,663;2,096;-0,518
2,098;-0,666;2,098;-0,516
2,100;-0,663;2,100;-0,516
2,102;-0,668;2,102;-0,516
2,104;-0,666;2,104;-0,518
2,106;-0,668;2,106;-0,513
2,108;-0,665;2,108;-0,514
2,110;-0,665;2,110;-0,516
2,112;-0,665;2,112;-0,518
2,114;-0,665;2,114;-0,521
2,116;-0,663;2,116;-0,514
2,118;-0,666;2,118;-0,511
2,120;-0,661;2,120;-0,509
2,122;-0,663;2,122;-0,518
2,124;-0,663;2,124;-0,509
2,126;-0,661;2,126;-0,509
2,128;-0,661;2,128;-0,507
2,130;-0,661;2,130;-0,513
2,132;-0,663;2,132;-0,509
2,134;-0,663;2,134;-0,514
2,136;-0,657;2,136;-0,514
2,138;-0,661;2,138;-0,514
2,140;-0,659;2,140;-0,500
2,142;-0,661;2,142;-0,509
2,144;-0,659;2,144;-0,514
2,146;-0,663;2,146;-0,513
2,148;-0,661;2,148;-0,516
2,150;-0,661;2,150;-0,518
2,152;-0,665;2,152;-0,505
2,154;-0,663;2,154;-0,516
2,156;-0,668;2,156;-0,516
2,158;-0,659;2,158;-0,511
2,160;-0,659;2,160;-0,509
2,162;-0,663;2,162;-0,513
2,164;-0,661;2,164;-0,505
2,166;-0,663;2,166;-0,514
2,168;-0,661;2,168;-0,511
2,170;-0,661;2,170;-0,509
2,172;-0,665;2,172;-0,511
2,174;-0,668;2,174;-0,514
2,176;-0,661;2,176;-0,513
2,178;-0,666;2,178;-0,507
2,180;-0,661;2,180;-0,513
2,182;-0,659;2,182;-0,518
2,184;-0,665;2,184;-0,509
2,186;-0,666;2,186;-0,509
2,188;-0,663;2,188;-0,518
2,190;-0,661;2,190;-0,511
2,192;-0,670;2,192;-0,518
2,194;-0,666;2,194;-0,511
2,196;-0,665;2,196;-0,509
2,198;-0,670;2,198;-0,513
2,200;-0,666;2,200;-0,518
2,202;-0,665;2,202;-0,514
2,204;-0,666;2,204;-0,513
2,206;-0,665;2,206;-0,513
2,208;-0,666;2,208;-0,514
2,210;-0,666;2,210;-0,511
2,212;-0,665;2,212;-0,513
2,214;-0,670;2,214;-0,511
2,216;-0,661;2,216;-0,514
2,218;-0,663;2,218;-0,516
2,220;-0,665;2,220;-0,518
2,222;-0,663;2,222;-0,518
2,224;-0,672;2,224;-0,513
2,226;-0,668;2,226;-0,507
2,228;-0,661;2,228;-0,513
2,230;-0,665;2,230;-0,513
2,232;-0,663;2,232;-0,505
2,234;-0,674;2,234;-0,516
2,236;-0,666;2,236;-0,509
2,238;-0,666;2,238;-0,505
2,240;-0,659;2,240;-0,520
2,242;-0,663;2,242;-0,511
2,244;-0,670;2,244;-0,511
2,246;-0,665;2,246;-0,513
2,248;-0,665;2,248;-0,516
2,250;-0,665;2,250;-0,511
2,252;-0,666;2,252;-0,509
2,254;-0,672;2,254;-0,514
2,256;-0,666;2,256;-0,516
2,258;-0,661;2,258;-0,513
2,260;-0,663;2,260;-0,511
2,262;-0,666;2,262;-0,513
2,264;-0,663;2,264;-0,511
2,266;-0,666;2,266;-0,516
2,268;-0,665;2,268;-0,516
2,270;-0,668;2,270;-0,511
2,272;-0,665;2,272;-0,514
2,274;-0,665;2,274;-0,514
2,276;-0,670;2,276;-0,511
2,278;-0,661;2,278;-0,514
2,280;-0,657;2,280;-0,509
2,282;-0,663;2,282;-0,514
2,284;-0,668;2,284;-0,507
2,286;-0,665;2,286;-0,507
2,288;-0,670;2,288;-0,513
2,290;-0,666;2,290;-0,509
2,292;-0,665;2,292;-0,505
2,294;-0,663;2,294;-0,509
2,296;-0,670;2,296;-0,513
2,298;-0,665;2,298;-0,507
2,300;-0,659;2,300;-0,513
2,302;-0,661;2,302;-0,513
2,304;-0,666;2,304;-0,511
2,306;-0,665;2,306;-0,507
2,308;-0,665;2,308;-0,511
2,310;-0,663;2,310;-0,514
2,312;-0,665;2,312;-0,518
2,314;-0,659;2,314;-0,516
2,316;-0,665;2,316;-0,516
2,318;-0,665;2,318;-0,516
2,320;-0,665;2,320;-0,518
2,322;-0,657;2,322;-0,516
2,324;-0,666;2,324;-0,509
2,326;-0,659;2,326;-0,514
2,328;-0,668;2,328;-0,516
2,330;-0,670;2,330;-0,511
2,332;-0,665;2,332;-0,509
2,334;-0,670;2,334;-0,511
2,336;-0,672;2,336;-0,504
2,338;-0,670;2,338;-0,514
2,340;-0,661;2,340;-0,507
2,342;-0,672;2,342;-0,511
2,344;-0,661;2,344;-0,513
2,346;-0,665;2,346;-0,516
2,348;-0,666;2,348;-0,520
2,350;-0,661;2,350;-0,516
2,352;-0,666;2,352;-0,514
2,354;-0,672;2,354;-0,516
2,356;-0,665;2,356;-0,514
2,358;-0,668;2,358;-0,511
2,360;-0,663;2,360;-0,516
2,362;-0,665;2,362;-0,518
2,364;-0,661;2,364;-0,520
2,366;-0,665;2,366;-0,514
2,368;-0,659;2,368;-0,518
2,370;-0,659;2,370;-0,518
2,372;-0,663;2,372;-0,509
2,374;-0,665;2,374;-0,514
2,376;-0,666;2,376;-0,507
2,378;-0,663;2,378;-0,514
2,380;-0,663;2,380;-0,513
2,382;-0,661;2,382;-0,513
2,384;-0,656;2,384;-0,511
2,386;-0,666;2,386;-0,502
2,388;-0,665;2,388;-0,514
2,390;-0,661;2,390;-0,507
2,392;-0,672;2,392;-0,509
2,394;-0,665;2,394;-0,513
2,396;-0,670;2,396;-0,516
2,398;-0,668;2,398;-0,507
2,400;-0,668;2,400;-0,513
2,402;-0,661;2,402;-0,511
2,404;-0,666;2,404;-0,514
2,406;-0,665;2,406;-0,511
2,408;-0,661;2,408;-0,511
2,410;-0,661;2,410;-0,507
2,412;-0,661;2,412;-0,516
2,414;-0,663;2,414;-0,513
2,416;-0,659;2,416;-0,513
2,418;-0,661;2,418;-0,507
2,420;-0,666;2,420;-0,514
2,422;-0,659;2,422;-0,509
2,424;-0,672;2,424;-0,518
2,426;-0,663;2,426;-0,507
2,428;-0,663;2,428;-0,511
2,430;-0,663;2,430;-0,513
2,432;-0,666;2,432;-0,507
2,434;-0,661;2,434;-0,513
2,436;-0,668;2,436;-0,513
2,438;-0,665;2,438;-0,509
2,440;-0,670;2,440;-0,507
2,442;-0,665;2,442;-0,520
2,444;-0,665;2,444;-0,513
2,446;-0,659;2,446;-0,516
2,448;-0,659;2,448;-0,514
2,450;-0,663;2,450;-0,509
2,452;-0,668;2,452;-0,516
2,454;-0,663;2,454;-0,518
2,456;-0,663;2,456;-0,520
2,458;-0,668;2,458;-0,518
2,460;-0,663;2,460;-0,516
2,462;-0,665;2,462;-0,516
2,464;-0,666;2,464;-0,511
2,466;-0,672;2,466;-0,513
2,468;-0,661;2,468;-0,511
2,470;-0,668;2,470;-0,520
2,472;-0,665;2,472;-0,513
2,474;-0,670;2,474;-0,525
2,476;-0,668;2,476;-0,513
2,478;-0,665;2,478;-0,518
2,480;-0,665;2,480;-0,514
2,482;-0,665;2,482;-0,513
2,484;-0,661;2,484;-0,518
2,486;-0,670;2,486;-0,516
2,488;-0,663;2,488;-0,513
2,490;-0,663;2,490;-0,516
2,492;-0,661;2,492;-0,520
2,494;-0,666;2,494;-0,516
2,496;-0,661;2,496;-0,516
2,498;-0,674;2,498;-0,520
2,500;-0,668;2,500;-0,511
2,502;-0,674;2,502;-0,514
2,504;-0,668;2,504;-0,511
2,506;-0,661;2,506;-0,509
2,508;-0,675;2,508;-0,513
2,510;-0,665;2,510;-0,514
2,512;-0,665;2,512;-0,507
2,514;-0,668;2,514;-0,516
2,516;-0,666;2,516;-0,516
2,518;-0,670;2,518;-0,520
2,520;-0,659;2,520;-0,511
2,522;-0,659;2,522;-0,514
2,524;-0,661;2,524;-0,511
2,526;-0,665;2,526;-0,521
2,528;-0,663;2,528;-0,511
2,530;-0,659;2,530;-0,514
2,532;-0,663;2,532;-0,516
2,534;-0,661;2,534;-0,516
2,536;-0,668;2,536;-0,511
2,538;-0,666;2,538;-0,513
2,540;-0,666;2,540;-0,516
2,542;-0,663;2,542;-0,518
2,544;-0,665;2,544;-0,513
2,546;-0,659;2,546;-0,511
2,548;-0,659;2,548;-0,516
2,550;-0,659;2,550;-0,516
2,552;-0,659;2,552;-0,509
2,554;-0,659;2,554;-0,513
2,556;-0,666;2,556;-0,514
2,558;-0,656;2,558;-0,511
2,560;-0,659;2,560;-0,513
2,562;-0,661;2,562;-0,514
2,564;-0,663;2,564;-0,513
2,566;-0,665;2,566;-0,514
2,568;-0,659;2,568;-0,513
2,570;-0,661;2,570;-0,509
2,572;-0,666;2,572;-0,514
2,574;-0,670;2,574;-0,514
2,576;-0,665;2,576;-0,509
2,578;-0,661;2,578;-0,511
2,580;-0,659;2,580;-0,514
2,582;-0,665;2,582;-0,516
2,584;-0,661;2,584;-0,513
2,586;-0,666;2,586;-0,511
2,588;-0,666;2,588;-0,518
2,590;-0,668;2,590;-0,509
2,592;-0,663;2,592;-0,514
2,594;-0,663;2,594;-0,514
2,596;-0,670;2,596;-0,513
2,598;-0,668;2,598;-0,505
2,600;-0,663;2,600;-0,514
2,602;-0,665;2,602;-0,513
2,604;-0,668;2,604;-0,518
2,606;-0,661;2,606;-0,511
2,608;-0,668;2,608;-0,511
2,610;-0,665;2,610;-0,513
2,612;-0,663;2,612;-0,513
2,614;-0,665;2,614;-0,514
2,616;-0,666;2,616;-0,516
2,618;-0,663;2,618;-0,513
2,620;-0,665;2,620;-0,513
2,622;-0,665;2,622;-0,520
2,624;-0,665;2,624;-0,518
2,626;-0,665;2,626;-0,516
2,628;-0,659;2,628;-0,520
2,630;-0,665;2,630;-0,516
2,632;-0,657;2,632;-0,521
2,634;-0,659;2,634;-0,516
2,636;-0,661;2,636;-0,516
2,638;-0,659;2,638;-0,518
2,640;-0,661;2,640;-0,514
2,642;-0,663;2,642;-0,514
2,644;-0,665;2,644;-0,514
2,646;-0,657;2,646;-0,516
2,648;-0,661;2,648;-0,514
2,650;-0,666;2,650;-0,514
2,652;-0,661;2,652;-0,504
2,654;-0,659;2,654;-0,516
2,656;-0,656;2,656;-0,518
2,658;-0,665;2,658;-0,505
2,660;-0,665;2,660;-0,513
2,662;-0,659;2,662;-0,513
2,664;-0,666;2,664;-0,509
2,666;-0,663;2,666;-0,513
2,668;-0,661;2,668;-0,520
2,670;-0,665;2,670;-0,514
2,672;-0,670;2,672;-0,521
2,674;-0,659;2,674;-0,518
2,676;-0,663;2,676;-0,514
2,678;-0,661;2,678;-0,518
2,680;-0,663;2,680;-0,511
2,682;-0,661;2,682;-0,514
2,684;-0,665;2,684;-0,514
2,686;-0,670;2,686;-0,514
2,688;-0,666;2,688;-0,516
2,690;-0,666;2,690;-0,518
2,692;-0,666;2,692;-0,513
2,694;-0,665;2,694;-0,507
2,696;-0,661;2,696;-0,518
2,698;-0,663;2,698;-0,509
2,700;-0,665;2,700;-0,514
2,702;-0,666;2,702;-0,514
2,704;-0,665;2,704;-0,518
2,706;-0,659;2,706;-0,520
2,708;-0,661;2,708;-0,516
2,710;-0,665;2,710;-0,521
2,712;-0,668;2,712;-0,523
2,714;-0,663;2,714;-0,521
2,716;-0,665;2,716;-0,516
2,718;-0,670;2,718;-0,509
2,720;-0,668;2,720;-0,518
2,722;-0,666;2,722;-0,514
2,724;-0,668;2,724;-0,514
2,726;-0,663;2,726;-0,511
2,728;-0,665;2,728;-0,511
2,730;-0,668;2,730;-0,505
2,732;-0,663;2,732;-0,511
2,734;-0,661;2,734;-0,518
2,736;-0,665;2,736;-0,511
2,738;-0,666;2,738;-0,516
2,740;-0,670;2,740;-0,518
2,742;-0,666;2,742;-0,518
2,744;-0,663;2,744;-0,516
2,746;-0,666;2,746;-0,520
2,748;-0,666;2,748;-0,514
2,750;-0,670;2,750;-0,514
2,752;-0,663;2,752;-0,521
2,754;-0,663;2,754;-0,516
2,756;-0,663;2,756;-0,513
2,758;-0,665;2,758;-0,523
2,760;-0,666;2,760;-0,518
2,762;-0,674;2,762;-0,518
2,764;-0,666;2,764;-0,518
2,766;-0,663;2,766;-0,513
2,768;-0,666;2,768;-0,514
2,770;-0,663;2,770;-0,520
2,772;-0,666;2,772;-0,520
2,774;-0,674;2,774;-0,514
2,776;-0,666;2,776;-0,516
2,778;-0,668;2,778;-0,516
2,780;-0,668;2,780;-0,511
2,782;-0,668;2,782;-0,514
2,784;-0,665;2,784;-0,507
2,786;-0,665;2,786;-0,511
2,788;-0,663;2,788;-0,509
2,790;-0,665;2,790;-0,516
2,792;-0,666;2,792;-0,513
2,794;-0,654;2,794;-0,513
2,796;-0,661;2,796;-0,514
2,798;-0,663;2,798;-0,513
2,800;-0,672;2,800;-0,518
2,802;-0,665;2,802;-0,507
2,804;-0,668;2,804;-0,516
2,806;-0,670;2,806;-0,514
2,808;-0,668;2,808;-0,516
2,810;-0,666;2,810;-0,518
2,812;-0,666;2,812;-0,518
2,814;-0,659;2,814;-0,509
2,816;-0,670;2,816;-0,516
2,818;-0,663;2,818;-0,511
2,820;-0,666;2,820;-0,520
2,822;-0,661;2,822;-0,518
2,824;-0,665;2,824;-0,511
2,826;-0,668;2,826;-0,507
2,828;-0,661;2,828;-0,507
2,830;-0,665;2,830;-0,513
2,832;-0,663;2,832;-0,509
2,834;-0,670;2,834;-0,511
2,836;-0,661;2,836;-0,514
2,838;-0,661;2,838;-0,507
2,840;-0,659;2,840;-0,518
2,842;-0,661;2,842;-0,514
2,844;-0,668;2,844;-0,514
2,846;-0,666;2,846;-0,511
2,848;-0,668;2,848;-0,511
2,850;-0,675;2,850;-0,514
2,852;-0,668;2,852;-0,514
2,854;-0,668;2,854;-0,516
2,856;-0,668;2,856;-0,511
2,858;-0,674;2,858;-0,509
2,860;-0,668;2,860;-0,509
2,862;-0,665;2,862;-0,511
2,864;-0,663;2,864;-0,514
2,866;-0,668;2,866;-0,518
2,868;-0,666;2,868;-0,509
2,870;-0,665;2,870;-0,520
2,872;-0,666;2,872;-0,518
2,874;-0,663;2,874;-0,513
2,876;-0,661;2,876;-0,516
2,878;-0,665;2,878;-0,520
2,880;-0,663;2,880;-0,514
2,882;-0,663;2,882;-0,509
2,884;-0,668;2,884;-0,516
2,886;-0,670;2,886;-0,513
2,888;-0,668;2,888;-0,525
2,890;-0,668;2,890;-0,521
2,892;-0,668;2,892;-0,520
2,894;-0,670;2,894;-0,516
2,896;-0,666;2,896;-0,521
2,898;-0,668;2,898;-0,516
2,900;-0,668;2,900;-0,518
2,902;-0,666;2,902;-0,511
2,904;-0,666;2,904;-0,509
2,906;-0,661;2,906;-0,511
2,908;-0,663;2,908;-0,509
2,910;-0,663;2,910;-0,507
2,912;-0,661;2,912;-0,511
2,914;-0,665;2,914;-0,507
2,916;-0,665;2,916;-0,504
2,918;-0,661;2,918;-0,514
2,920;-0,668;2,920;-0,516
2,922;-0,666;2,922;-0,511
2,924;-0,670;2,924;-0,509
2,926;-0,675;2,926;-0,513
2,928;-0,665;2,928;-0,511
2,930;-0,661;2,930;-0,514
2,932;-0,661;2,932;-0,511
2,934;-0,665;2,934;-0,518
2,936;-0,668;2,936;-0,518
2,938;-0,663;2,938;-0,520
2,940;-0,665;2,940;-0,511
2,942;-0,663;2,942;-0,513
2,944;-0,659;2,944;-0,511
2,946;-0,663;2,946;-0,513
2,948;-0,661;2,948;-0,514
2,950;-0,659;2,950;-0,516
2,952;-0,661;2,952;-0,513
2,954;-0,663;2,954;-0,516
2,956;-0,665;2,956;-0,507
2,958;-0,666;2,958;-0,511
2,960;-0,670;2,960;-0,513
2,962;-0,666;2,962;-0,518
2,964;-0,668;2,964;-0,509
2,966;-0,666;2,966;-0,507
2,968;-0,663;2,968;-0,509
2,970;-0,661;2,970;-0,511
2,972;-0,663;2,972;-0,511
2,974;-0,668;2,974;-0,516
2,976;-0,668;2,976;-0,509
2,978;-0,666;2,978;-0,518
2,980;-0,665;2,980;-0,513
2,982;-0,663;2,982;-0,509
2,984;-0,665;2,984;-0,509
2,986;-0,668;2,986;-0,509
2,988;-0,665;2,988;-0,513
2,990;-0,672;2,990;-0,516
2,992;-0,668;2,992;-0,511
2,994;-0,670;2,994;-0,513
2,996;-0,672;2,996;-0,511
2,998;-0,668;2,998;-0,514
3,000;-0,663;3,000;-0,514
3,002;-0,665;3,002;-0,504
3,004;-0,659;3,004;-0,505
3,006;-0,665;3,006;-0,516
3,008;-0,665;3,008;-0,504
3,010;-0,659;3,010;-0,511
3,012;-0,665;3,012;-0,514
3,014;-0,666;3,014;-0,511
3,016;-0,666;3,016;-0,513
3,018;-0,663;3,018;-0,509
3,020;-0,659;3,020;-0,505
3,022;-0,665;3,022;-0,516
3,024;-0,665;3,024;-0,509
3,026;-0,663;3,026;-0,507
3,028;-0,666;3,028;-0,507
3,030;-0,666;3,030;-0,505
3,032;-0,668;3,032;-0,502
3,034;-0,666;3,034;-0,511
3,036;-0,666;3,036;-0,514
3,038;-0,663;3,038;-0,509
3,040;-0,666;3,040;-0,509
3,042;-0,663;3,042;-0,505
3,044;-0,665;3,044;-0,514
3,046;-0,663;3,046;-0,509
3,048;-0,663;3,048;-0,511
3,050;-0,657;3,050;-0,507
3,052;-0,656;3,052;-0,511
3,054;-0,663;3,054;-0,513
3,056;-0,659;3,056;-0,511
3,058;-0,661;3,058;-0,513
3,060;-0,659;3,060;-0,511
3,062;-0,672;3,062;-0,514
3,064;-0,668;3,064;-0,513
3,066;-0,661;3,066;-0,509
3,068;-0,663;3,068;-0,507
3,070;-0,668;3,070;-0,511
3,072;-0,666;3,072;-0,513
3,074;-0,663;3,074;-0,507
3,076;-0,661;3,076;-0,509
3,078;-0,663;3,078;-0,511
3,080;-0,661;3,080;-0,514
3,082;-0,663;3,082;-0,513
3,084;-0,665;3,084;-0,516
3,086;-0,661;3,086;-0,505
3,088;-0,661;3,088;-0,507
3,090;-0,661;3,090;-0,514
3,092;-0,670;3,092;-0,511
3,094;-0,668;3,094;-0,513
3,096;-0,674;3,096;-0,513
3,098;-0,668;3,098;-0,511
3,100;-0,668;3,100;-0,505
3,102;-0,659;3,102;-0,507
3,104;-0,661;3,104;-0,513
3,106;-0,659;3,106;-0,513
3,108;-0,663;3,108;-0,507
3,110;-0,663;3,110;-0,513
3,112;-0,666;3,112;-0,514
3,114;-0,659;3,114;-0,514
3,116;-0,659;3,116;-0,513
3,118;-0,657;3,118;-0,509
3,120;-0,670;3,120;-0,511
3,122;-0,659;3,122;-0,514
3,124;-0,661;3,124;-0,518
3,126;-0,659;3,126;-0,518
3,128;-0,665;3,128;-0,507
3,130;-0,666;3,130;-0,511
3,132;-0,668;3,132;-0,511
3,134;-0,666;3,134;-0,516
3,136;-0,666;3,136;-0,514
3,138;-0,665;3,138;-0,518
3,140;-0,670;3,140;-0,513
3,142;-0,666;3,142;-0,523
3,144;-0,661;3,144;-0,514
3,146;-0,656;3,146;-0,518
3,148;-0,656;3,148;-0,509
3,150;-0,654;3,150;-0,518
3,152;-0,656;3,152;-0,518
3,154;-0,666;3,154;-0,520
3,156;-0,661;3,156;-0,513
3,158;-0,663;3,158;-0,513
3,160;-0,659;3,160;-0,518
3,162;-0,663;3,162;-0,513
3,164;-0,665;3,164;-0,521
3,166;-0,665;3,166;-0,521
3,168;-0,668;3,168;-0,513
3,170;-0,666;3,170;-0,520
3,172;-0,659;3,172;-0,514
3,174;-0,668;3,174;-0,516
3,176;-0,663;3,176;-0,516
3,178;-0,663;3,178;-0,514
3,180;-0,656;3,180;-0,520
3,182;-0,656;3,182;-0,514
3,184;-0,659;3,184;-0,513
3,186;-0,659;3,186;-0,511
3,188;-0,656;3,188;-0,511
3,190;-0,661;3,190;-0,509
3,192;-0,661;3,192;-0,514
3,194;-0,661;3,194;-0,509
3,196;-0,663;3,196;-0,514
3,198;-0,670;3,198;-0,513
3,200;-0,666;3,200;-0,507
3,202;-0,670;3,202;-0,516
3,204;-0,668;3,204;-0,513
3,206;-0,661;3,206;-0,513
3,208;-0,666;3,208;-0,505
3,210;-0,663;3,210;-0,509
3,212;-0,666;3,212;-0,520
3,214;-0,661;3,214;-0,511
3,216;-0,665;3,216;-0,514
3,218;-0,661;3,218;-0,514
3,220;-0,657;3,220;-0,514
3,222;-0,663;3,222;-0,514
3,224;-0,661;3,224;-0,518
3,226;-0,663;3,226;-0,511
3,228;-0,657;3,228;-0,511
3,230;-0,665;3,230;-0,511
3,232;-0,663;3,232;-0,516
3,234;-0,663;3,234;-0,518
3,236;-0,672;3,236;-0,516
3,238;-0,668;3,238;-0,521
3,240;-0,668;3,240;-0,511
3,242;-0,663;3,242;-0,516
3,244;-0,663;3,244;-0,516
3,246;-0,665;3,246;-0,521
3,248;-0,659;3,248;-0,511
3,250;-0,654;3,250;-0,514
3,252;-0,661;3,252;-0,516
3,254;-0,661;3,254;-0,525
3,256;-0,661;3,256;-0,518
3,258;-0,665;3,258;-0,509
3,260;-0,661;3,260;-0,511
3,262;-0,663;3,262;-0,511
3,264;-0,666;3,264;-0,511
3,266;-0,665;3,266;-0,509
3,268;-0,674;3,268;-0,511
3,270;-0,666;3,270;-0,511
3,272;-0,670;3,272;-0,513
3,274;-0,663;3,274;-0,514
3,276;-0,675;3,276;-0,513
3,278;-0,670;3,278;-0,507
3,280;-0,665;3,280;-0,518
3,282;-0,668;3,282;-0,511
3,284;-0,668;3,284;-0,511
3,286;-0,665;3,286;-0,518
3,288;-0,656;3,288;-0,513
3,290;-0,661;3,290;-0,516
3,292;-0,661;3,292;-0,516
3,294;-0,665;3,294;-0,511
3,296;-0,665;3,296;-0,516
3,298;-0,663;3,298;-0,520
3,300;-0,666;3,300;-0,516
3,302;-0,659;3,302;-0,514
3,304;-0,661;3,304;-0,516
3,306;-0,666;3,306;-0,516
3,308;-0,665;3,308;-0,513
3,310;-0,665;3,310;-0,511
3,312;-0,666;3,312;-0,511
3,314;-0,657;3,314;-0,513
3,316;-0,661;3,316;-0,520
3,318;-0,659;3,318;-0,511
3,320;-0,657;3,320;-0,509
3,322;-0,661;3,322;-0,511
3,324;-0,663;3,324;-0,511
3,326;-0,657;3,326;-0,507
3,328;-0,657;3,328;-0,518
3,330;-0,665;3,330;-0,509
3,332;-0,659;3,332;-0,511
3,334;-0,663;3,334;-0,511
3,336;-0,663;3,336;-0,511
3,338;-0,663;3,338;-0,518
3,340;-0,661;3,340;-0,509
3,342;-0,666;3,342;-0,520
3,344;-0,661;3,344;-0,511
3,346;-0,663;3,346;-0,518
3,348;-0,665;3,348;-0,523
3,350;-0,665;3,350;-0,518
3,352;-0,659;3,352;-0,514
3,354;-0,661;3,354;-0,511
3,356;-0,659;3,356;-0,513
3,358;-0,661;3,358;-0,513
3,360;-0,661;3,360;-0,511
3,362;-0,665;3,362;-0,511
3,364;-0,661;3,364;-0,509
3,366;-0,659;3,366;-0,511
3,368;-0,663;3,368;-0,518
3,370;-0,663;3,370;-0,509
3,372;-0,663;3,372;-0,507
3,374;-0,663;3,374;-0,504
3,376;-0,668;3,376;-0,513
3,378;-0,663;3,378;-0,509
3,380;-0,659;3,380;-0,509
3,382;-0,665;3,382;-0,509
3,384;-0,668;3,384;-0,509
3,386;-0,665;3,386;-0,511
3,388;-0,666;3,388;-0,514
3,390;-0,666;3,390;-0,513
3,392;-0,661;3,392;-0,521
3,394;-0,665;3,394;-0,518
3,396;-0,661;3,396;-0,521
3,398;-0,668;3,398;-0,514
3,400;-0,661;3,400;-0,516
3,402;-0,659;3,402;-0,516
3,404;-0,670;3,404;-0,514
3,406;-0,668;3,406;-0,521
3,408;-0,668;3,408;-0,513
3,410;-0,666;3,410;-0,516
3,412;-0,668;3,412;-0,518
3,414;-0,665;3,414;-0,514
3,416;-0,668;3,416;-0,511
3,418;-0,661;3,418;-0,511
3,420;-0,659;3,420;-0,511
3,422;-0,663;3,422;-0,514
3,424;-0,661;3,424;-0,516
3,426;-0,663;3,426;-0,514
3,428;-0,657;3,428;-0,511
3,430;-0,657;3,430;-0,514
3,432;-0,663;3,432;-0,516
3,434;-0,668;3,434;-0,513
3,436;-0,661;3,436;-0,511
3,438;-0,666;3,438;-0,516
3,440;-0,661;3,440;-0,516
3,442;-0,657;3,442;-0,518
3,444;-0,663;3,444;-0,516
3,446;-0,657;3,446;-0,516
3,448;-0,659;3,448;-0,520
3,450;-0,663;3,450;-0,518
3,452;-0,665;3,452;-0,514
3,454;-0,661;3,454;-0,509
3,456;-0,672;3,456;-0,507
3,458;-0,666;3,458;-0,509
3,460;-0,659;3,460;-0,513
3,462;-0,661;3,462;-0,509
3,464;-0,665;3,464;-0,514
3,466;-0,665;3,466;-0,511
3,468;-0,659;3,468;-0,513
3,470;-0,661;3,470;-0,505
3,472;-0,666;3,472;-0,511
3,474;-0,670;3,474;-0,513
3,476;-0,672;3,476;-0,511
3,478;-0,666;3,478;-0,509
3,480;-0,663;3,480;-0,511
3,482;-0,668;3,482;-0,516
3,484;-0,668;3,484;-0,509
3,486;-0,666;3,486;-0,513
3,488;-0,666;3,488;-0,509
3,490;-0,661;3,490;-0,513
3,492;-0,665;3,492;-0,507
3,494;-0,666;3,494;-0,507
3,496;-0,665;3,496;-0,507
3,498;-0,665;3,498;-0,507
3,500;-0,661;3,500;-0,511
3,502;-0,661;3,502;-0,513
3,504;-0,661;3,504;-0,511
3,506;-0,666;3,506;-0,518
3,508;-0,663;3,508;-0,516
3,510;-0,663;3,510;-0,520
3,512;-0,666;3,512;-0,527
3,514;-0,668;3,514;-0,513
3,516;-0,677;3,516;-0,514
3,518;-0,668;3,518;-0,509
3,520;-0,666;3,520;-0,513
3,522;-0,663;3,522;-0,505
3,524;-0,663;3,524;-0,511
3,526;-0,668;3,526;-0,505
3,528;-0,663;3,528;-0,514
3,530;-0,666;3,530;-0,505
3,532;-0,659;3,532;-0,507
3,534;-0,663;3,534;-0,514
3,536;-0,666;3,536;-0,511
3,538;-0,665;3,538;-0,520
3,540;-0,668;3,540;-0,511
3,542;-0,670;3,542;-0,514
3,544;-0,670;3,544;-0,511
3,546;-0,657;3,546;-0,509
3,548;-0,663;3,548;-0,511
3,550;-0,666;3,550;-0,505
3,552;-0,672;3,552;-0,518
3,554;-0,668;3,554;-0,518
3,556;-0,666;3,556;-0,514
3,558;-0,672;3,558;-0,520
3,560;-0,670;3,560;-0,518
3,562;-0,670;3,562;-0,513
3,564;-0,661;3,564;-0,514
3,566;-0,665;3,566;-0,505
3,568;-0,661;3,568;-0,514
3,570;-0,666;3,570;-0,513
3,572;-0,657;3,572;-0,511
3,574;-0,665;3,574;-0,520
3,576;-0,663;3,576;-0,516
3,578;-0,663;3,578;-0,509
3,580;-0,668;3,580;-0,516
3,582;-0,666;3,582;-0,514
3,584;-0,659;3,584;-0,514
3,586;-0,665;3,586;-0,507
3,588;-0,666;3,588;-0,514
3,590;-0,666;3,590;-0,511
3,592;-0,659;3,592;-0,513
3,594;-0,665;3,594;-0,513
3,596;-0,668;3,596;-0,511
3,598;-0,668;3,598;-0,509
3,600;-0,663;3,600;-0,518
3,602;-0,663;3,602;-0,509
3,604;-0,663;3,604;-0,509
3,606;-0,666;3,606;-0,518
3,608;-0,659;3,608;-0,514
3,610;-0,661;3,610;-0,518
3,612;-0,665;3,612;-0,511
3,614;-0,668;3,614;-0,509
3,616;-0,666;3,616;-0,513
3,618;-0,663;3,618;-0,513
3,620;-0,666;3,620;-0,513
3,622;-0,661;3,622;-0,514
3,624;-0,665;3,624;-0,509
3,626;-0,670;3,626;-0,511
3,628;-0,668;3,628;-0,507
3,630;-0,659;3,630;-0,513
3,632;-0,665;3,632;-0,509
3,634;-0,659;3,634;-0,507
3,636;-0,661;3,636;-0,518
3,638;-0,668;3,638;-0,520
3,640;-0,663;3,640;-0,518
3,642;-0,663;3,642;-0,513
3,644;-0,659;3,644;-0,514
3,646;-0,665;3,646;-0,520
3,648;-0,668;3,648;-0,518
3,650;-0,665;3,650;-0,511
3,652;-0,659;3,652;-0,516
3,654;-0,663;3,654;-0,513
3,656;-0,663;3,656;-0,509
3,658;-0,666;3,658;-0,523
3,660;-0,668;3,660;-0,514
3,662;-0,666;3,662;-0,513
3,664;-0,663;3,664;-0,511
3,666;-0,661;3,666;-0,505
3,668;-0,665;3,668;-0,513
3,670;-0,661;3,670;-0,518
3,672;-0,668;3,672;-0,520
3,674;-0,670;3,674;-0,509
3,676;-0,659;3,676;-0,518
3,678;-0,665;3,678;-0,516
3,680;-0,659;3,680;-0,518
3,682;-0,666;3,682;-0,514
3,684;-0,672;3,684;-0,523
3,686;-0,663;3,686;-0,516
3,688;-0,663;3,688;-0,516
3,690;-0,665;3,690;-0,521
3,692;-0,661;3,692;-0,516
3,694;-0,659;3,694;-0,513
3,696;-0,661;3,696;-0,523
3,698;-0,666;3,698;-0,513
3,700;-0,661;3,700;-0,514
3,702;-0,661;3,702;-0,514
3,704;-0,663;3,704;-0,518
3,706;-0,656;3,706;-0,514
3,708;-0,661;3,708;-0,516
3,710;-0,665;3,710;-0,516
3,712;-0,663;3,712;-0,513
3,714;-0,663;3,714;-0,514
3,716;-0,663;3,716;-0,509
3,718;-0,659;3,718;-0,509
3,720;-0,663;3,720;-0,509
3,722;-0,663;3,722;-0,507
3,724;-0,665;3,724;-0,509
3,726;-0,661;3,726;-0,511
3,728;-0,663;3,728;-0,516
3,730;-0,666;3,730;-0,507
3,732;-0,668;3,732;-0,507
3,734;-0,665;3,734;-0,511
3,736;-0,661;3,736;-0,516
3,738;-0,672;3,738;-0,513
3,740;-0,659;3,740;-0,513
3,742;-0,661;3,742;-0,521
3,744;-0,657;3,744;-0,518
3,746;-0,663;3,746;-0,514
3,748;-0,668;3,748;-0,514
3,750;-0,665;3,750;-0,509
3,752;-0,657;3,752;-0,518
3,754;-0,666;3,754;-0,520
3,756;-0,666;3,756;-0,514
3,758;-0,666;3,758;-0,511
3,760;-0,665;3,760;-0,509
3,762;-0,665;3,762;-0,511
3,764;-0,661;3,764;-0,509
3,766;-0,659;3,766;-0,514
3,768;-0,665;3,768;-0,511
3,770;-0,659;3,770;-0,514
3,772;-0,663;3,772;-0,513
3,774;-0,663;3,774;-0,516
3,776;-0,672;3,776;-0,511
3,778;-0,670;3,778;-0,516
3,780;-0,666;3,780;-0,514
3,782;-0,656;3,782;-0,514
3,784;-0,668;3,784;-0,518
3,786;-0,661;3,786;-0,516
3,788;-0,675;3,788;-0,514
3,790;-0,663;3,790;-0,511
3,792;-0,666;3,792;-0,514
3,794;-0,666;3,794;-0,509
3,796;-0,670;3,796;-0,509
3,798;-0,670;3,798;-0,511
3,800;-0,666;3,800;-0,509
3,802;-0,666;3,802;-0,520
3,804;-0,666;3,804;-0,513
3,806;-0,666;3,806;-0,513
3,808;-0,663;3,808;-0,518
3,810;-0,663;3,810;-0,518
3,812;-0,665;3,812;-0,507
3,814;-0,665;3,814;-0,513
3,816;-0,666;3,816;-0,518
3,818;-0,665;3,818;-0,507
3,820;-0,668;3,820;-0,507
3,822;-0,661;3,822;-0,511
3,824;-0,672;3,824;-0,511
3,826;-0,665;3,826;-0,518
3,828;-0,666;3,828;-0,511
3,830;-0,663;3,830;-0,514
3,832;-0,665;3,832;-0,513
3,834;-0,665;3,834;-0,516
3,836;-0,665;3,836;-0,514
3,838;-0,659;3,838;-0,509
3,840;-0,657;3,840;-0,516
3,842;-0,659;3,842;-0,518
3,844;-0,657;3,844;-0,507
3,846;-0,661;3,846;-0,511
3,848;-0,661;3,848;-0,523
3,850;-0,663;3,850;-0,511
3,852;-0,661;3,852;-0,521
3,854;-0,670;3,854;-0,518
3,856;-0,668;3,856;-0,513
3,858;-0,665;3,858;-0,513
3,860;-0,661;3,860;-0,513
3,862;-0,665;3,862;-0,505
3,864;-0,665;3,864;-0,509
3,866;-0,657;3,866;-0,507
3,868;-0,663;3,868;-0,513
3,870;-0,663;3,870;-0,514
3,872;-0,668;3,872;-0,513
3,874;-0,670;3,874;-0,509
3,876;-0,663;3,876;-0,511
3,878;-0,665;3,878;-0,505
3,880;-0,665;3,880;-0,509
3,882;-0,661;3,882;-0,505
3,884;-0,659;3,884;-0,511
3,886;-0,657;3,886;-0,511
3,888;-0,668;3,888;-0,511
3,890;-0,663;3,890;-0,509
3,892;-0,666;3,892;-0,511
3,894;-0,663;3,894;-0,511
3,896;-0,668;3,896;-0,507
3,898;-0,665;3,898;-0,507
3,900;-0,668;3,900;-0,509
3,902;-0,670;3,902;-0,518
3,904;-0,672;3,904;-0,511
3,906;-0,670;3,906;-0,513
3,908;-0,666;3,908;-0,511
3,910;-0,663;3,910;-0,513
3,912;-0,665;3,912;-0,514
3,914;-0,666;3,914;-0,518
3,916;-0,665;3,916;-0,511
3,918;-0,659;3,918;-0,509
3,920;-0,666;3,920;-0,511
3,922;-0,665;3,922;-0,514
3,924;-0,666;3,924;-0,505
3,926;-0,663;3,926;-0,514
3,928;-0,670;3,928;-0,509
3,930;-0,659;3,930;-0,513
3,932;-0,670;3,932;-0,502
3,934;-0,668;3,934;-0,507
3,936;-0,668;3,936;-0,518
3,938;-0,674;3,938;-0,509
3,940;-0,663;3,940;-0,505
3,942;-0,665;3,942;-0,516
3,944;-0,665;3,944;-0,514
3,946;-0,661;3,946;-0,509
3,948;-0,659;3,948;-0,520
3,950;-0,666;3,950;-0,516
3,952;-0,665;3,952;-0,511
3,954;-0,668;3,954;-0,511
3,956;-0,666;3,956;-0,518
3,958;-0,661;3,958;-0,513
3,960;-0,666;3,960;-0,513
3,962;-0,661;3,962;-0,511
3,964;-0,665;3,964;-0,514
3,966;-0,670;3,966;-0,509
3,968;-0,663;3,968;-0,511
3,970;-0,668;3,970;-0,514
3,972;-0,670;3,972;-0,513
3,974;-0,663;3,974;-0,509
3,976;-0,665;3,976;-0,509
3,978;-0,666;3,978;-0,507
3,980;-0,663;3,980;-0,514
3,982;-0,670;3,982;-0,511
3,984;-0,668;3,984;-0,516
3,986;-0,665;3,986;-0,509
3,988;-0,665;3,988;-0,507
3,990;-0,668;3,990;-0,505
3,992;-0,668;3,992;-0,511
3,994;-0,661;3,994;-0,507
3,996;-0,661;3,996;-0,509
3,998;-0,663;3,998;-0,509
4,000;-0,670;4,000;-0,516
4,002;-0,663;4,002;-0,513
4,004;-0,663;4,004;-0,511
4,006;-0,666;4,006;-0,509
4,008;-0,665;4,008;-0,513
4,010;-0,659;4,010;-0,514
4,012;-0,666;4,012;-0,514
4,014;-0,665;4,014;-0,514
4,016;-0,661;4,016;-0,505
4,018;-0,665;4,018;-0,514
4,020;-0,661;4,020;-0,514
4,022;-0,661;4,022;-0,513
4,024;-0,663;4,024;-0,509
4,026;-0,663;4,026;-0,513
4,028;-0,663;4,028;-0,513
4,030;-0,663;4,030;-0,504
4,032;-0,665;4,032;-0,509
4,034;-0,663;4,034;-0,511
4,036;-0,661;4,036;-0,516
4,038;-0,666;4,038;-0,509
4,040;-0,663;4,040;-0,507
4,042;-0,665;4,042;-0,507
4,044;-0,666;4,044;-0,509
4,046;-0,665;4,046;-0,513
4,048;-0,670;4,048;-0,514
4,050;-0,665;4,050;-0,513
4,052;-0,665;4,052;-0,516
4,054;-0,668;4,054;-0,513
4,056;-0,665;4,056;-0,509
4,058;-0,666;4,058;-0,518
4,060;-0,668;4,060;-0,514
4,062;-0,670;4,062;-0,513
4,064;-0,663;4,064;-0,509
4,066;-0,665;4,066;-0,511
4,068;-0,661;4,068;-0,516
4,070;-0,666;4,070;-0,518
4,072;-0,666;4,072;-0,514
4,074;-0,665;4,074;-0,516
4,076;-0,668;4,076;-0,511
4,078;-0,670;4,078;-0,513
4,080;-0,668;4,080;-0,514
4,082;-0,668;4,082;-0,514
4,084;-0,663;4,084;-0,511
4,086;-0,666;4,086;-0,511
4,088;-0,663;4,088;-0,511
4,090;-0,670;4,090;-0,513
4,092;-0,663;4,092;-0,518
4,094;-0,668;4,094;-0,511
4,096;-0,661;4,096;-0,513
4,098;-0,666;4,098;-0,513
4,100;-0,672;4,100;-0,511
4,102;-0,665;4,102;-0,509
4,104;-0,663;4,104;-0,514
4,106;-0,663;4,106;-0,513
4,108;-0,665;4,108;-0,514
4,110;-0,661;4,110;-0,513
4,112;-0,668;4,112;-0,516
4,114;-0,666;4,114;-0,514
4,116;-0,666;4,116;-0,514
4,118;-0,666;4,118;-0,516
4,120;-0,661;4,120;-0,507
4,122;-0,659;4,122;-0,514
4,124;-0,663;4,124;-0,516
4,126;-0,663;4,126;-0,511
4,128;-0,665;4,128;-0,511
4,130;-0,665;4,130;-0,513
4,132;-0,665;4,132;-0,507
4,134;-0,672;4,134;-0,500
4,136;-0,663;4,136;-0,516
4,138;-0,665;4,138;-0,513
4,140;-0,657;4,140;-0,516
4,142;-0,661;4,142;-0,511
4,144;-0,668;4,144;-0,516
4,146;-0,672;4,146;-0,511
4,148;-0,665;4,148;-0,520
4,150;-0,663;4,150;-0,516
4,152;-0,666;4,152;-0,513
4,154;-0,663;4,154;-0,507
4,156;-0,661;4,156;-0,513
4,158;-0,666;4,158;-0,513
4,160;-0,666;4,160;-0,509
4,162;-0,665;4,162;-0,509
4,164;-0,666;4,164;-0,518
4,166;-0,665;4,166;-0,514
4,168;-0,674;4,168;-0,513
4,170;-0,666;4,170;-0,507
4,172;-0,663;4,172;-0,507
4,174;-0,663;4,174;-0,513
4,176;-0,666;4,176;-0,507
4,178;-0,668;4,178;-0,504
4,180;-0,665;4,180;-0,505
4,182;-0,663;4,182;-0,518
4,184;-0,665;4,184;-0,511
4,186;-0,659;4,186;-0,505
4,188;-0,665;4,188;-0,511
4,190;-0,666;4,190;-0,509
4,192;-0,661;4,192;-0,511
4,194;-0,665;4,194;-0,509
4,196;-0,665;4,196;-0,511
4,198;-0,668;4,198;-0,514
4,200;-0,672;4,200;-0,518
4,202;-0,672;4,202;-0,509
4,204;-0,663;4,204;-0,518
4,206;-0,672;4,206;-0,511
4,208;-0,666;4,208;-0,516
4,210;-0,670;4,210;-0,516
4,212;-0,670;4,212;-0,514
4,214;-0,665;4,214;-0,520
4,216;-0,661;4,216;-0,518
4,218;-0,663;4,218;-0,516
4,220;-0,666;4,220;-0,520
4,222;-0,668;4,222;-0,511
4,224;-0,668;4,224;-0,507
4,226;-0,668;4,226;-0,516
4,228;-0,663;4,228;-0,513
4,230;-0,661;4,230;-0,514
4,232;-0,670;4,232;-0,514
4,234;-0,668;4,234;-0,513
4,236;-0,663;4,236;-0,525
4,238;-0,663;4,238;-0,521
4,240;-0,663;4,240;-0,511
4,242;-0,663;4,242;-0,507
4,244;-0,661;4,244;-0,513
4,246;-0,657;4,246;-0,511
4,248;-0,657;4,248;-0,514
4,250;-0,665;4,250;-0,513
4,252;-0,661;4,252;-0,511
4,254;-0,661;4,254;-0,516
4,256;-0,659;4,256;-0,516
4,258;-0,661;4,258;-0,516
4,260;-0,663;4,260;-0,511
4,262;-0,666;4,262;-0,507
4,264;-0,663;4,264;-0,513
4,266;-0,656;4,266;-0,507
4,268;-0,665;4,268;-0,516
4,270;-0,663;4,270;-0,511
4,272;-0,665;4,272;-0,518
4,274;-0,666;4,274;-0,516
4,276;-0,661;4,276;-0,514
4,278;-0,659;4,278;-0,511
4,280;-0,665;4,280;-0,509
4,282;-0,663;4,282;-0,511
4,284;-0,666;4,284;-0,518
4,286;-0,668;4,286;-0,514
4,288;-0,665;4,288;-0,520
4,290;-0,668;4,290;-0,514
4,292;-0,661;4,292;-0,511
4,294;-0,663;4,294;-0,516
4,296;-0,659;4,296;-0,518
4,298;-0,665;4,298;-0,521
4,300;-0,666;4,300;-0,516
4,302;-0,670;4,302;-0,511
4,304;-0,666;4,304;-0,520
4,306;-0,668;4,306;-0,516
4,308;-0,668;4,308;-0,520
4,310;-0,670;4,310;-0,513
4,312;-0,663;4,312;-0,516
4,314;-0,665;4,314;-0,511
4,316;-0,663;4,316;-0,509
4,318;-0,663;4,318;-0,513
4,320;-0,666;4,320;-0,516
4,322;-0,663;4,322;-0,509
4,324;-0,663;4,324;-0,511
4,326;-0,663;4,326;-0,518
4,328;-0,665;4,328;-0,514
4,330;-0,666;4,330;-0,507
4,332;-0,663;4,332;-0,504
4,334;-0,668;4,334;-0,511
4,336;-0,666;4,336;-0,513
4,338;-0,666;4,338;-0,511
4,340;-0,661;4,340;-0,507
4,342;-0,663;4,342;-0,504
4,344;-0,665;4,344;-0,513
4,346;-0,668;4,346;-0,516
4,348;-0,666;4,348;-0,514
4,350;-0,665;4,350;-0,520
4,352;-0,661;4,352;-0,521
4,354;-0,670;4,354;-0,514
4,356;-0,661;4,356;-0,511
4,358;-0,665;4,358;-0,511
4,360;-0,665;4,360;-0,509
4,362;-0,659;4,362;-0,511
4,364;-0,665;4,364;-0,514
4,366;-0,659;4,366;-0,514
4,368;-0,656;4,368;-0,514
4,370;-0,659;4,370;-0,514
4,372;-0,665;4,372;-0,518
4,374;-0,670;4,374;-0,513
4,376;-0,663;4,376;-0,511
4,378;-0,657;4,378;-0,511
4,380;-0,668;4,380;-0,516
4,382;-0,665;4,382;-0,509
4,384;-0,665;4,384;-0,511
4,386;-0,665;4,386;-0,516
4,388;-0,659;4,388;-0,514
4,390;-0,657;4,390;-0,509
4,392;-0,666;4,392;-0,514
4,394;-0,661;4,394;-0,509
4,396;-0,663;4,396;-0,514
4,398;-0,668;4,398;-0,516
4,400;-0,666;4,400;-0,513
4,402;-0,665;4,402;-0,507
4,404;-0,663;4,404;-0,507
4,406;-0,665;4,406;-0,509
4,408;-0,661;4,408;-0,511
4,410;-0,661;4,410;-0,516
4,412;-0,666;4,412;-0,516
4,414;-0,663;4,414;-0,514
4,416;-0,665;4,416;-0,511
4,418;-0,668;4,418;-0,520
4,420;-0,665;4,420;-0,505
4,422;-0,663;4,422;-0,511
4,424;-0,666;4,424;-0,513
4,426;-0,666;4,426;-0,509
4,428;-0,666;4,428;-0,513
4,430;-0,666;4,430;-0,509
4,432;-0,670;4,432;-0,507
4,434;-0,666;4,434;-0,514
4,436;-0,666;4,436;-0,511
4,438;-0,668;4,438;-0,513
4,440;-0,665;4,440;-0,514
4,442;-0,663;4,442;-0,518
4,444;-0,663;4,444;-0,511
4,446;-0,659;4,446;-0,518
4,448;-0,666;4,448;-0,514
4,450;-0,665;4,450;-0,520
4,452;-0,659;4,452;-0,511
4,454;-0,666;4,454;-0,514
4,456;-0,672;4,456;-0,513
4,458;-0,665;4,458;-0,513
4,460;-0,666;4,460;-0,507
4,462;-0,666;4,462;-0,516
4,464;-0,663;4,464;-0,509
4,466;-0,665;4,466;-0,509
4,468;-0,672;4,468;-0,507
4,470;-0,665;4,470;-0,514
4,472;-0,665;4,472;-0,513
4,474;-0,661;4,474;-0,511
4,476;-0,665;4,476;-0,513
4,478;-0,663;4,478;-0,520
4,480;-0,661;4,480;-0,514
4,482;-0,657;4,482;-0,513
4,484;-0,661;4,484;-0,513
4,486;-0,666;4,486;-0,513
4,488;-0,666;4,488;-0,514
4,490;-0,661;4,490;-0,520
4,492;-0,666;4,492;-0,513
4,494;-0,674;4,494;-0,507
4,496;-0,661;4,496;-0,511
4,498;-0,659;4,498;-0,516
4,500;-0,665;4,500;-0,514
4,502;-0,666;4,502;-0,513
4,504;-0,668;4,504;-0,516
4,506;-0,663;4,506;-0,514
4,508;-0,665;4,508;-0,513
4,510;-0,663;4,510;-0,514
4,512;-0,659;4,512;-0,511
4,514;-0,670;4,514;-0,516
4,516;-0,661;4,516;-0,513
4,518;-0,663;4,518;-0,513
4,520;-0,668;4,520;-0,516
4,522;-0,668;4,522;-0,516
4,524;-0,663;4,524;-0,520
4,526;-0,665;4,526;-0,511
4,528;-0,668;4,528;-0,514
4,530;-0,668;4,530;-0,514
4,532;-0,665;4,532;-0,520
4,534;-0,666;4,534;-0,507
4,536;-0,666;4,536;-0,509
4,538;-0,661;4,538;-0,511
4,540;-0,668;4,540;-0,511
4,542;-0,665;4,542;-0,516
4,544;-0,666;4,544;-0,511
4,546;-0,665;4,546;-0,511
4,548;-0,665;4,548;-0,514
4,550;-0,665;4,550;-0,516
4,552;-0,661;4,552;-0,509
4,554;-0,657;4,554;-0,507
4,556;-0,661;4,556;-0,514
4,558;-0,668;4,558;-0,518
4,560;-0,663;4,560;-0,518
4,562;-0,661;4,562;-0,505
4,564;-0,666;4,564;-0,514
4,566;-0,666;4,566;-0,511
4,568;-0,665;4,568;-0,516
4,570;-0,670;4,570;-0,516
4,572;-0,672;4,572;-0,514
4,574;-0,668;4,574;-0,513
4,576;-0,666;4,576;-0,507
4,578;-0,661;4,578;-0,513
4,580;-0,665;4,580;-0,518
4,582;-0,663;4,582;-0,514
4,584;-0,670;4,584;-0,514
4,586;-0,674;4,586;-0,511
4,588;-0,665;4,588;-0,514
4,590;-0,679;4,590;-0,516
4,592;-0,668;4,592;-0,505
4,594;-0,674;4,594;-0,513
4,596;-0,668;4,596;-0,516
4,598;-0,666;4,598;-0,511
4,600;-0,666;4,600;-0,514
4,602;-0,663;4,602;-0,511
4,604;-0,663;4,604;-0,518
4,606;-0,668;4,606;-0,513
4,608;-0,663;4,608;-0,511
4,610;-0,661;4,610;-0,516
4,612;-0,661;4,612;-0,511
4,614;-0,668;4,614;-0,518
4,616;-0,666;4,616;-0,509
4,618;-0,661;4,618;-0,513
4,620;-0,668;4,620;-0,511
4,622;-0,672;4,622;-0,509
4,624;-0,663;4,624;-0,511
4,626;-0,663;4,626;-0,513
4,628;-0,659;4,628;-0,518
4,630;-0,663;4,630;-0,509
4,632;-0,666;4,632;-0,513
4,634;-0,666;4,634;-0,514
4,636;-0,665;4,636;-0,516
4,638;-0,666;4,638;-0,513
4,640;-0,663;4,640;-0,516
4,642;-0,665;4,642;-0,507
4,644;-0,665;4,644;-0,513
4,646;-0,661;4,646;-0,509
4,648;-0,668;4,648;-0,513
4,650;-0,666;4,650;-0,513
4,652;-0,670;4,652;-0,520
4,654;-0,672;4,654;-0,513
4,656;-0,659;4,656;-0,514
4,658;-0,668;4,658;-0,513
4,660;-0,665;4,660;-0,511
4,662;-0,659;4,662;-0,514
4,664;-0,663;4,664;-0,511
4,666;-0,663;4,666;-0,511
4,668;-0,661;4,668;-0,511
4,670;-0,668;4,670;-0,514
4,672;-0,659;4,672;-0,513
4,674;-0,677;4,674;-0,513
4,676;-0,663;4,676;-0,513
4,678;-0,661;4,678;-0,509
4,680;-0,666;4,680;-0,513
4,682;-0,670;4,682;-0,509
4,684;-0,668;4,684;-0,509
4,686;-0,661;4,686;-0,509
4,688;-0,666;4,688;-0,513
4,690;-0,661;4,690;-0,513
4,692;-0,672;4,692;-0,507
4,694;-0,668;4,694;-0,511
4,696;-0,666;4,696;-0,511
4,698;-0,674;4,698;-0,507
4,700;-0,670;4,700;-0,511
4,702;-0,666;4,702;-0,511
4,704;-0,668;4,704;-0,511
4,706;-0,674;4,706;-0,514
4,708;-0,672;4,708;-0,514
4,710;-0,661;4,710;-0,513
4,712;-0,666;4,712;-0,521
4,714;-0,670;4,714;-0,516
4,716;-0,672;4,716;-0,516
4,718;-0,666;4,718;-0,514
4,720;-0,674;4,720;-0,513
4,722;-0,675;4,722;-0,514
4,724;-0,672;4,724;-0,516
4,726;-0,665;4,726;-0,511
4,728;-0,666;4,728;-0,516
4,730;-0,665;4,730;-0,518
4,732;-0,659;4,732;-0,511
4,734;-0,661;4,734;-0,513
4,736;-0,665;4,736;-0,513
4,738;-0,677;4,738;-0,513
4,740;-0,670;4,740;-0,513
4,742;-0,663;4,742;-0,513
4,744;-0,663;4,744;-0,513
4,746;-0,661;4,746;-0,513
4,748;-0,661;4,748;-0,511
4,750;-0,668;4,750;-0,513
4,752;-0,672;4,752;-0,511
4,754;-0,677;4,754;-0,511
4,756;-0,668;4,756;-0,516
4,758;-0,666;4,758;-0,514
4,760;-0,663;4,760;-0,507
4,762;-0,668;4,762;-0,509
4,764;-0,672;4,764;-0,505
4,766;-0,666;4,766;-0,511
4,768;-0,666;4,768;-0,505
4,770;-0,663;4,770;-0,513
4,772;-0,665;4,772;-0,509
4,774;-0,659;4,774;-0,507
4,776;-0,661;4,776;-0,513
4,778;-0,661;4,778;-0,516
4,780;-0,666;4,780;-0,514
4,782;-0,674;4,782;-0,511
4,784;-0,672;4,784;-0,511
4,786;-0,666;4,786;-0,509
4,788;-0,672;4,788;-0,513
4,790;-0,672;4,790;-0,518
4,792;-0,659;4,792;-0,505
4,794;-0,663;4,794;-0,507
4,796;-0,668;4,796;-0,513
4,798;-0,668;4,798;-0,514
4,800;-0,665;4,800;-0,521
4,802;-0,663;4,802;-0,509
4,804;-0,656;4,804;-0,513
4,806;-0,665;4,806;-0,504
4,808;-0,663;4,808;-0,511
4,810;-0,666;4,810;-0,513
4,812;-0,666;4,812;-0,513
4,814;-0,668;4,814;-0,509
4,816;-0,668;4,816;-0,509
4,818;-0,674;4,818;-0,509
4,820;-0,665;4,820;-0,516
4,822;-0,659;4,822;-0,511
4,824;-0,663;4,824;-0,511
4,826;-0,670;4,826;-0,518
4,828;-0,666;4,828;-0,507
4,830;-0,672;4,830;-0,518
4,832;-0,670;4,832;-0,513
4,834;-0,668;4,834;-0,516
4,836;-0,665;4,836;-0,514
4,838;-0,661;4,838;-0,514
4,840;-0,670;4,840;-0,514
4,842;-0,666;4,842;-0,511
4,844;-0,663;4,844;-0,507
4,846;-0,666;4,846;-0,518
4,848;-0,672;4,848;-0,514
4,850;-0,663;4,850;-0,511
4,852;-0,666;4,852;-0,516
4,854;-0,661;4,854;-0,514
4,856;-0,665;4,856;-0,513
4,858;-0,670;4,858;-0,521
4,860;-0,666;4,860;-0,514
4,862;-0,666;4,862;-0,507
4,864;-0,666;4,864;-0,507
4,866;-0,663;4,866;-0,507
4,868;-0,670;4,868;-0,514
4,870;-0,668;4,870;-0,516
4,872;-0,663;4,872;-0,513
4,874;-0,663;4,874;-0,518
4,876;-0,663;4,876;-0,516
4,878;-0,668;4,878;-0,511
4,880;-0,666;4,880;-0,518
4,882;-0,672;4,882;-0,520
4,884;-0,665;4,884;-0,509
4,886;-0,672;4,886;-0,516
4,888;-0,665;4,888;-0,513
4,890;-0,666;4,890;-0,516
4,892;-0,670;4,892;-0,516
4,894;-0,665;4,894;-0,516
4,896;-0,666;4,896;-0,513
4,898;-0,661;4,898;-0,505
4,900;-0,666;4,900;-0,514
4,902;-0,666;4,902;-0,509
4,904;-0,666;4,904;-0,514
4,906;-0,661;4,906;-0,513
4,908;-0,665;4,908;-0,516
4,910;-0,672;4,910;-0,511
4,912;-0,659;4,912;-0,513
4,914;-0,665;4,914;-0,511
4,916;-0,663;4,916;-0,518
4,918;-0,665;4,918;-0,507
4,920;-0,672;4,920;-0,516
4,922;-0,666;4,922;-0,509
4,924;-0,679;4,924;-0,514
4,926;-0,665;4,926;-0,509
4,928;-0,663;4,928;-0,507
4,930;-0,666;4,930;-0,513
4,932;-0,665;4,932;-0,516
4,934;-0,666;4,934;-0,514
4,936;-0,668;4,936;-0,511
4,938;-0,663;4,938;-0,513
4,940;-0,666;4,940;-0,513
4,942;-0,668;4,942;-0,507
4,944;-0,665;4,944;-0,516
4,946;-0,665;4,946;-0,509
4,948;-0,665;4,948;-0,518
4,950;-0,668;4,950;-0,513
4,952;-0,665;4,952;-0,514
4,954;-0,665;4,954;-0,518
4,956;-0,665;4,956;-0,523
4,958;-0,666;4,958;-0,516
4,960;-0,670;4,960;-0,516
4,962;-0,668;4,962;-0,518
4,964;-0,663;4,964;-0,518
4,966;-0,675;4,966;-0,511
4,968;-0,666;4,968;-0,516
4,970;-0,668;4,970;-0,511
4,972;-0,668;4,972;-0,513
4,974;-0,666;4,974;-0,514
4,976;-0,672;4,976;-0,511
4,978;-0,663;4,978;-0,511
4,980;-0,668;4,980;-0,507
4,982;-0,672;4,982;-0,507
4,984;-0,668;4,984;-0,518
4,986;-0,663;4,986;-0,514
4,988;-0,663;4,988;-0,511
4,990;-0,674;4,990;-0,513
4,992;-0,666;4,992;-0,507
4,994;-0,663;4,994;-0,514
4,996;-0,665;4,996;-0,513
4,998;-0,661;4,998;-0,505
5,000;-0,659;5,000;-0,504
5,002;-0,666;5,002;-0,511
5,004;-0,666;5,004;-0,516
5,006;-0,666;5,006;-0,514
5,008;-0,668;5,008;-0,518
5,010;-0,659;5,010;-0,520
5,012;-0,663;5,012;-0,516
5,014;-0,663;5,014;-0,518
5,016;-0,663;5,016;-0,514
5,018;-0,666;5,018;-0,509
5,020;-0,661;5,020;-0,516
5,022;-0,665;5,022;-0,516
5,024;-0,661;5,024;-0,511
5,026;-0,666;5,026;-0,509
5,028;-0,665;5,028;-0,511
5,030;-0,659;5,030;-0,514
5,032;-0,665;5,032;-0,507
5,034;-0,663;5,034;-0,509
5,036;-0,668;5,036;-0,511
5,038;-0,663;5,038;-0,511
5,040;-0,666;5,040;-0,513
5,042;-0,670;5,042;-0,505
5,044;-0,665;5,044;-0,513
5,046;-0,665;5,046;-0,514
5,048;-0,663;5,048;-0,507
5,050;-0,670;5,050;-0,516
5,052;-0,665;5,052;-0,513
5,054;-0,659;5,054;-0,514
5,056;-0,663;5,056;-0,513
5,058;-0,661;5,058;-0,502
5,060;-0,661;5,060;-0,518
5,062;-0,665;5,062;-0,507
5,064;-0,663;5,064;-0,505
5,066;-0,670;5,066;-0,502
5,068;-0,666;5,068;-0,513
5,070;-0,661;5,070;-0,505
5,072;-0,666;5,072;-0,514
5,074;-0,670;5,074;-0,505
5,076;-0,663;5,076;-0,511
5,078;-0,663;5,078;-0,505
5,080;-0,666;5,080;-0,513
5,082;-0,659;5,082;-0,509
5,084;-0,665;5,084;-0,507
5,086;-0,659;5,086;-0,514
5,088;-0,663;5,088;-0,514
5,090;-0,661;5,090;-0,507
5,092;-0,663;5,092;-0,511
5,094;-0,663;5,094;-0,520
5,096;-0,666;5,096;-0,511
5,098;-0,663;5,098;-0,511
5,100;-0,672;5,100;-0,516
5,102;-0,670;5,102;-0,509
5,104;-0,665;5,104;-0,509
5,106;-0,670;5,106;-0,507
5,108;-0,665;5,108;-0,511
5,110;-0,670;5,110;-0,509
5,112;-0,672;5,112;-0,516
5,114;-0,666;5,114;-0,511
5,116;-0,668;5,116;-0,518
5,118;-0,663;5,118;-0,513
5,120;-0,663;5,120;-0,513
5,122;-0,663;5,122;-0,514
5,124;-0,666;5,124;-0,513
5,126;-0,666;5,126;-0,514
5,128;-0,674;5,128;-0,520
5,130;-0,666;5,130;-0,518
5,132;-0,666;5,132;-0,516
5,134;-0,666;5,134;-0,509
5,136;-0,672;5,136;-0,516
5,138;-0,672;5,138;-0,514
5,140;-0,663;5,140;-0,514
5,142;-0,665;5,142;-0,514
5,144;-0,661;5,144;-0,514
5,146;-0,663;5,146;-0,520
5,148;-0,659;5,148;-0,516
5,150;-0,670;5,150;-0,513
5,152;-0,666;5,152;-0,514
5,154;-0,663;5,154;-0,509
5,156;-0,665;5,156;-0,520
5,158;-0,665;5,158;-0,513
5,160;-0,666;5,160;-0,514
5,162;-0,666;5,162;-0,507
5,164;-0,670;5,164;-0,511
5,166;-0,668;5,166;-0,514
5,168;-0,670;5,168;-0,520
5,170;-0,668;5,170;-0,516
5,172;-0,665;5,172;-0,516
5,174;-0,665;5,174;-0,516
5,176;-0,665;5,176;-0,518
5,178;-0,674;5,178;-0,518
5,180;-0,668;5,180;-0,513
5,182;-0,661;5,182;-0,509
5,184;-0,663;5,184;-0,518
5,186;-0,668;5,186;-0,514
5,188;-0,672;5,188;-0,514
5,190;-0,670;5,190;-0,509
5,192;-0,666;5,192;-0,516
5,194;-0,666;5,194;-0,511
5,196;-0,665;5,196;-0,513
5,198;-0,670;5,198;-0,509
5,200;-0,668;5,200;-0,505
5,202;-0,668;5,202;-0,509
5,204;-0,670;5,204;-0,509
5,206;-0,668;5,206;-0,511
5,208;-0,663;5,208;-0,514
5,210;-0,666;5,210;-0,511
5,212;-0,670;5,212;-0,516
5,214;-0,666;5,214;-0,516
5,216;-0,670;5,216;-0,511
5,218;-0,672;5,218;-0,518
5,220;-0,663;5,220;-0,520
5,222;-0,670;5,222;-0,516
5,224;-0,665;5,224;-0,516
5,226;-0,670;5,226;-0,513
5,228;-0,670;5,228;-0,514
5,230;-0,663;5,230;-0,514
5,232;-0,668;5,232;-0,514
5,234;-0,666;5,234;-0,523
5,236;-0,666;5,236;-0,511
5,238;-0,668;5,238;-0,511
5,240;-0,665;5,240;-0,507
5,242;-0,672;5,242;-0,513
5,244;-0,668;5,244;-0,509
5,246;-0,672;5,246;-0,514
5,248;-0,666;5,248;-0,513
5,250;-0,665;5,250;-0,513
5,252;-0,666;5,252;-0,516
5,254;-0,666;5,254;-0,505
5,256;-0,668;5,256;-0,521
5,258;-0,665;5,258;-0,511
5,260;-0,666;5,260;-0,513
5,262;-0,663;5,262;-0,511
5,264;-0,663;5,264;-0,516
5,266;-0,663;5,266;-0,520
5,268;-0,668;5,268;-0,511
5,270;-0,666;5,270;-0,511
5,272;-0,659;5,272;-0,518
5,274;-0,661;5,274;-0,513
5,276;-0,661;5,276;-0,516
5,278;-0,672;5,278;-0,513
5,280;-0,663;5,280;-0,514
5,282;-0,659;5,282;-0,513
5,284;-0,663;5,284;-0,513
5,286;-0,663;5,286;-0,516
5,288;-0,668;5,288;-0,513
5,290;-0,663;5,290;-0,514
5,292;-0,666;5,292;-0,514
5,294;-0,666;5,294;-0,513
5,296;-0,665;5,296;-0,514
5,298;-0,666;5,298;-0,513
5,300;-0,665;5,300;-0,514
5,302;-0,661;5,302;-0,513
5,304;-0,666;5,304;-0,513
5,306;-0,665;5,306;-0,520
5,308;-0,663;5,308;-0,509
5,310;-0,659;5,310;-0,520
5,312;-0,672;5,312;-0,514
5,314;-0,668;5,314;-0,511
5,316;-0,668;5,316;-0,509
5,318;-0,665;5,318;-0,507
5,320;-0,665;5,320;-0,516
5,322;-0,663;5,322;-0,513
5,324;-0,665;5,324;-0,511
5,326;-0,661;5,326;-0,511
5,328;-0,668;5,328;-0,505
5,330;-0,666;5,330;-0,509
5,332;-0,668;5,332;-0,507
5,334;-0,672;5,334;-0,511
5,336;-0,670;5,336;-0,511
5,338;-0,665;5,338;-0,511
5,340;-0,663;5,340;-0,518
5,342;-0,668;5,342;-0,513
5,344;-0,668;5,344;-0,507
5,346;-0,666;5,346;-0,514
5,348;-0,675;5,348;-0,514
5,350;-0,665;5,350;-0,509
5,352;-0,666;5,352;-0,513
5,354;-0,663;5,354;-0,516
5,356;-0,674;5,356;-0,514
5,358;-0,668;5,358;-0,511
5,360;-0,661;5,360;-0,507
5,362;-0,665;5,362;-0,507
5,364;-0,665;5,364;-0,516
5,366;-0,663;5,366;-0,505
5,368;-0,668;5,368;-0,511
5,370;-0,666;5,370;-0,509
5,372;-0,661;5,372;-0,505
5,374;-0,663;5,374;-0,516
5,376;-0,665;5,376;-0,518
5,378;-0,659;5,378;-0,511
5,380;-0,668;5,380;-0,514
5,382;-0,666;5,382;-0,511
5,384;-0,668;5,384;-0,513
5,386;-0,666;5,386;-0,509
5,388;-0,665;5,388;-0,509
5,390;-0,670;5,390;-0,511
5,392;-0,663;5,392;-0,511
5,394;-0,665;5,394;-0,513
5,396;-0,665;5,396;-0,507
5,398;-0,663;5,398;-0,516
5,400;-0,665;5,400;-0,514
5,402;-0,666;5,402;-0,516
5,404;-0,666;5,404;-0,514
5,406;-0,665;5,406;-0,514
5,408;-0,661;5,408;-0,514
5,410;-0,657;5,410;-0,511
5,412;-0,661;5,412;-0,513
5,414;-0,665;5,414;-0,505
5,416;-0,668;5,416;-0,514
5,418;-0,666;5,418;-0,513
5,420;-0,668;5,420;-0,511
5,422;-0,666;5,422;-0,514
5,424;-0,666;5,424;-0,509
5,426;-0,670;5,426;-0,509
5,428;-0,668;5,428;-0,509
5,430;-0,665;5,430;-0,513
5,432;-0,670;5,432;-0,514
5,434;-0,668;5,434;-0,511
5,436;-0,661;5,436;-0,511
5,438;-0,663;5,438;-0,514
5,440;-0,659;5,440;-0,520
5,442;-0,666;5,442;-0,520
5,444;-0,663;5,444;-0,518
5,446;-0,661;5,446;-0,513
5,448;-0,666;5,448;-0,518
5,450;-0,665;5,450;-0,516
5,452;-0,659;5,452;-0,505
5,454;-0,659;5,454;-0,509
5,456;-0,663;5,456;-0,513
5,458;-0,666;5,458;-0,511
5,460;-0,665;5,460;-0,507
5,462;-0,659;5,462;-0,509
5,464;-0,656;5,464;-0,513
5,466;-0,666;5,466;-0,513
5,468;-0,665;5,468;-0,511
5,470;-0,668;5,470;-0,513
5,472;-0,668;5,472;-0,513
5,474;-0,665;5,474;-0,513
5,476;-0,665;5,476;-0,516
5,478;-0,663;5,478;-0,513
5,480;-0,666;5,480;-0,511
5,482;-0,668;5,482;-0,504
5,484;-0,663;5,484;-0,511
5,486;-0,668;5,486;-0,507
5,488;-0,666;5,488;-0,511
5,490;-0,661;5,490;-0,511
5,492;-0,663;5,492;-0,513
5,494;-0,661;5,494;-0,516
5,496;-0,668;5,496;-0,511
5,498;-0,668;5,498;-0,511
5,500;-0,663;5,500;-0,516
5,502;-0,670;5,502;-0,511
5,504;-0,661;5,504;-0,507
5,506;-0,668;5,506;-0,507
5,508;-0,668;5,508;-0,511
5,510;-0,665;5,510;-0,509
5,512;-0,666;5,512;-0,511
5,514;-0,665;5,514;-0,511
5,516;-0,663;5,516;-0,514
5,518;-0,665;5,518;-0,520
5,520;-0,665;5,520;-0,514
5,522;-0,665;5,522;-0,509
5,524;-0,670;5,524;-0,511
5,526;-0,661;5,526;-0,513
5,528;-0,663;5,528;-0,509
5,530;-0,661;5,530;-0,516
5,532;-0,666;5,532;-0,518
5,534;-0,668;5,534;-0,516
5,536;-0,661;5,536;-0,520
5,538;-0,670;5,538;-0,516
5,540;-0,666;5,540;-0,511
5,542;-0,666;5,542;-0,518
5,544;-0,663;5,544;-0,514
5,546;-0,654;5,546;-0,509
5,548;-0,663;5,548;-0,507
5,550;-0,661;5,550;-0,511
5,552;-0,666;5,552;-0,511
5,554;-0,661;5,554;-0,511
5,556;-0,666;5,556;-0,516
5,558;-0,666;5,558;-0,509
5,560;-0,661;5,560;-0,507
5,562;-0,663;5,562;-0,511
5,564;-0,663;5,564;-0,513
5,566;-0,666;5,566;-0,516
5,568;-0,674;5,568;-0,509
5,570;-0,663;5,570;-0,513
5,572;-0,674;5,572;-0,516
5,574;-0,666;5,574;-0,516
5,576;-0,668;5,576;-0,514
5,578;-0,668;5,578;-0,509
5,580;-0,666;5,580;-0,513
5,582;-0,663;5,582;-0,516
5,584;-0,668;5,584;-0,516
5,586;-0,661;5,586;-0,509
5,588;-0,661;5,588;-0,509
5,590;-0,661;5,590;-0,513
5,592;-0,665;5,592;-0,513
5,594;-0,666;5,594;-0,514
5,596;-0,663;5,596;-0,511
5,598;-0,670;5,598;-0,502
5,600;-0,663;5,600;-0,509
5,602;-0,670;5,602;-0,516
5,604;-0,668;5,604;-0,514
5,606;-0,663;5,606;-0,513
5,608;-0,663;5,608;-0,518
5,610;-0,663;5,610;-0,514
5,612;-0,668;5,612;-0,514
5,614;-0,668;5,614;-0,509
5,616;-0,665;5,616;-0,514
5,618;-0,661;5,618;-0,514
5,620;-0,661;5,620;-0,507
5,622;-0,666;5,622;-0,518
5,624;-0,659;5,624;-0,511
5,626;-0,663;5,626;-0,513
5,628;-0,663;5,628;-0,514
5,630;-0,663;5,630;-0,516
5,632;-0,670;5,632;-0,518
5,634;-0,668;5,634;-0,520
5,636;-0,663;5,636;-0,521
5,638;-0,661;5,638;-0,507
5,640;-0,663;5,640;-0,514
5,642;-0,668;5,642;-0,509
5,644;-0,668;5,644;-0,511
5,646;-0,665;5,646;-0,511
5,648;-0,665;5,648;-0,514
5,650;-0,668;5,650;-0,514
5,652;-0,670;5,652;-0,518
5,654;-0,672;5,654;-0,520
5,656;-0,666;5,656;-0,511
5,658;-0,665;5,658;-0,513
5,660;-0,670;5,660;-0,514
5,662;-0,663;5,662;-0,514
5,664;-0,665;5,664;-0,514
5,666;-0,665;5,666;-0,520
5,668;-0,665;5,668;-0,513
5,670;-0,665;5,670;-0,516
5,672;-0,670;5,672;-0,511
5,674;-0,670;5,674;-0,516
5,676;-0,668;5,676;-0,507
5,678;-0,668;5,678;-0,509
5,680;-0,665;5,680;-0,514
5,682;-0,665;5,682;-0,513
5,684;-0,666;5,684;-0,511
5,686;-0,663;5,686;-0,513
5,688;-0,665;5,688;-0,520
5,690;-0,666;5,690;-0,516
5,692;-0,665;5,692;-0,516
5,694;-0,663;5,694;-0,516
5,696;-0,659;5,696;-0,516
5,698;-0,668;5,698;-0,516
5,700;-0,665;5,700;-0,518
5,702;-0,675;5,702;-0,514
5,704;-0,665;5,704;-0,513
5,706;-0,666;5,706;-0,525
5,708;-0,663;5,708;-0,511
5,710;-0,663;5,710;-0,514
5,712;-0,665;5,712;-0,516
5,714;-0,672;5,714;-0,516
5,716;-0,668;5,716;-0,509
5,718;-0,668;5,718;-0,513
5,720;-0,665;5,720;-0,513
5,722;-0,665;5,722;-0,513
5,724;-0,666;5,724;-0,513
5,726;-0,670;5,726;-0,518
5,728;-0,668;5,728;-0,514
5,730;-0,659;5,730;-0,514
5,732;-0,663;5,732;-0,513
5,734;-0,666;5,734;-0,504
5,736;-0,665;5,736;-0,516
5,738;-0,666;5,738;-0,505
5,740;-0,668;5,740;-0,513
5,742;-0,659;5,742;-0,513
5,744;-0,670;5,744;-0,514
5,746;-0,663;5,746;-0,518
5,748;-0,666;5,748;-0,514
5,750;-0,666;5,750;-0,511
5,752;-0,663;5,752;-0,509
5,754;-0,666;5,754;-0,516
5,756;-0,666;5,756;-0,516
5,758;-0,665;5,758;-0,516
5,760;-0,666;5,760;-0,511
5,762;-0,663;5,762;-0,513
5,764;-0,666;5,764;-0,514
5,766;-0,668;5,766;-0,514
5,768;-0,668;5,768;-0,516
5,770;-0,665;5,770;-0,520
5,772;-0,663;5,772;-0,514
5,774;-0,661;5,774;-0,513
5,776;-0,661;5,776;-0,507
5,778;-0,668;5,778;-0,509
5,780;-0,672;5,780;-0,511
5,782;-0,665;5,782;-0,520
5,784;-0,661;5,784;-0,511
5,786;-0,666;5,786;-0,516
5,788;-0,665;5,788;-0,520
5,790;-0,666;5,790;-0,513
5,792;-0,661;5,792;-0,518
5,794;-0,665;5,794;-0,511
5,796;-0,670;5,796;-0,516
5,798;-0,668;5,798;-0,518
5,800;-0,670;5,800;-0,521
5,802;-0,661;5,802;-0,513
5,804;-0,665;5,804;-0,514
5,806;-0,665;5,806;-0,516
5,808;-0,665;5,808;-0,521
5,810;-0,670;5,810;-0,514
5,812;-0,668;5,812;-0,516
5,814;-0,661;5,814;-0,518
5,816;-0,672;5,816;-0,511
5,818;-0,670;5,818;-0,507
5,820;-0,663;5,820;-0,509
5,822;-0,668;5,822;-0,514
5,824;-0,665;5,824;-0,518
5,826;-0,666;5,826;-0,516
5,828;-0,666;5,828;-0,518
5,830;-0,665;5,830;-0,513
5,832;-0,666;5,832;-0,507
5,834;-0,670;5,834;-0,514
5,836;-0,661;5,836;-0,507
5,838;-0,663;5,838;-0,511
5,840;-0,665;5,840;-0,509
5,842;-0,663;5,842;-0,509
5,844;-0,665;5,844;-0,513
5,846;-0,659;5,846;-0,516
5,848;-0,665;5,848;-0,509
5,850;-0,668;5,850;-0,511
5,852;-0,663;5,852;-0,511
5,854;-0,663;5,854;-0,514
5,856;-0,663;5,856;-0,514
5,858;-0,665;5,858;-0,507
5,860;-0,661;5,860;-0,516
5,862;-0,666;5,862;-0,514
5,864;-0,666;5,864;-0,513
5,866;-0,674;5,866;-0,511
5,868;-0,661;5,868;-0,507
5,870;-0,665;5,870;-0,513
5,872;-0,665;5,872;-0,513
5,874;-0,663;5,874;-0,521
5,876;-0,666;5,876;-0,516
5,878;-0,661;5,878;-0,514
5,880;-0,665;5,880;-0,505
5,882;-0,666;5,882;-0,509
5,884;-0,668;5,884;-0,513
5,886;-0,665;5,886;-0,509
5,888;-0,665;5,888;-0,514
5,890;-0,666;5,890;-0,514
5,892;-0,670;5,892;-0,516
5,894;-0,661;5,894;-0,511
5,896;-0,665;5,896;-0,509
5,898;-0,663;5,898;-0,520
5,900;-0,657;5,900;-0,509
5,902;-0,654;5,902;-0,514
5,904;-0,663;5,904;-0,518
5,906;-0,663;5,906;-0,511
5,908;-0,663;5,908;-0,507
5,910;-0,665;5,910;-0,505
5,912;-0,668;5,912;-0,513
5,914;-0,666;5,914;-0,509
5,916;-0,668;5,916;-0,518
5,918;-0,665;5,918;-0,509
5,920;-0,665;5,920;-0,507
5,922;-0,663;5,922;-0,514
5,924;-0,665;5,924;-0,511
5,926;-0,665;5,926;-0,516
5,928;-0,661;5,928;-0,509
5,930;-0,661;5,930;-0,513
5,932;-0,656;5,932;-0,518
5,934;-0,666;5,934;-0,509
5,936;-0,665;5,936;-0,507
5,938;-0,665;5,938;-0,516
5,940;-0,663;5,940;-0,513
5,942;-0,665;5,942;-0,507
5,944;-0,666;5,944;-0,509
5,946;-0,665;5,946;-0,502
5,948;-0,670;5,948;-0,513
5,950;-0,666;5,950;-0,505
5,952;-0,661;5,952;-0,514
5,954;-0,661;5,954;-0,507
5,956;-0,668;5,956;-0,513
5,958;-0,657;5,958;-0,509
5,960;-0,661;5,960;-0,513
5,962;-0,661;5,962;-0,505
5,964;-0,665;5,964;-0,518
5,966;-0,659;5,966;-0,507
5,968;-0,659;5,968;-0,513
5,970;-0,663;5,970;-0,511
5,972;-0,663;5,972;-0,511
5,974;-0,661;5,974;-0,507
5,976;-0,663;5,976;-0,507
5,978;-0,657;5,978;-0,511
5,980;-0,665;5,980;-0,511
5,982;-0,665;5,982;-0,507
5,984;-0,663;5,984;-0,513
5,986;-0,665;5,986;-0,511
5,988;-0,657;5,988;-0,516
5,990;-0,661;5,990;-0,516
5,992;-0,659;5,992;-0,514
5,994;-0,663;5,994;-0,514
5,996;-0,659;5,996;-0,505
5,998;-0,663;5,998;-0,511
6,000;-0,661;6,000;-0,516
6,002;-0,663;6,002;-0,514
6,004;-0,659;6,004;-0,505
6,006;-0,665;6,006;-0,505
6,008;-0,672;6,008;-0,514
6,010;-0,672;6,010;-0,513
6,012;-0,665;6,012;-0,507
6,014;-0,668;6,014;-0,516
6,016;-0,665;;
6,018;-0,666;;
6,020;-0,666;;
6,022;-0,663;;
6,024;-0,663;;
6,026;-0,668;;
6,028;-0,656;;
6,030;-0,666;;
6,032;-0,666;;
6,034;-0,670;;
6,036;-0,657;;
6,038;-0,661;;
6,040;-0,656;;
6,042;-0,661;;
6,044;-0,666;;
6,046;-0,665;;
6,048;-0,668;;
6,050;-0,668;;
6,052;-0,668;;
6,054;-0,666;;
6,056;-0,665;;
6,058;-0,665;;
6,060;-0,663;;
6,062;-0,657;;
6,064;-0,663;;
6,066;-0,663;;
6,068;-0,654;;
6,070;-0,657;;
6,072;-0,659;;
6,074;-0,665;;
6,076;-0,661;;
6,078;-0,659;;
6,080;-0,665;;
6,082;-0,668;;
6,084;-0,668;;
6,086;-0,663;;
6,088;-0,663;;
6,090;-0,670;;
6,092;-0,663;;
6,094;-0,665;;
6,096;-0,663;;
6,098;-0,661;;
6,100;-0,661;;
6,102;-0,663;;
6,104;-0,661;;
6,106;-0,656;;
6,108;-0,665;;
6,110;-0,657;;
6,112;-0,665;;
6,114;-0,659;;
6,116;-0,663;;
6,118;-0,663;;
6,120;-0,661;;
6,122;-0,659;;
6,124;-0,665;;
6,126;-0,670;;
6,128;-0,665;;
6,130;-0,665;;
6,132;-0,661;;
6,134;-0,661;;
6,136;-0,661;;
6,138;-0,668;;
6,140;-0,663;;
6,142;-0,657;;
6,144;-0,668;;
6,146;-0,665;;
6,148;-0,659;;
6,150;-0,665;;
6,152;-0,661;;
6,154;-0,663;;
6,156;-0,659;;
6,158;-0,665;;
6,160;-0,666;;
6,162;-0,666;;
6,164;-0,666;;
6,166;-0,663;;
6,168;-0,663;;
6,170;-0,665;;
6,172;-0,663;;
6,174;-0,656;;
6,176;-0,663;;
6,178;-0,665;;
6,180;-0,668;;
6,182;-0,668;;
6,184;-0,659;;
6,186;-0,665;;
6,188;-0,665;;
6,190;-0,665;;
6,192;-0,665;;
6,194;-0,663;;
